번호,종목코드,종목명,시장구분,증권구분,주식종류,상장일,폐지일,폐지사유,정리매매기간_시작일,정리매매기간_종료일,업종,액면가,상장주식수,이전상장후_종목코드,이전상장후_종목명
"1","189330","씨이랩","KONEX","주권","보통주","2013/12/24","2021/02/24","코스닥시장 이전상장",,,"-","500","2287142","189330","씨이랩"
"2","239890","피엔에이치테크","KONEX","주권","보통주","2016/08/16","2021/02/16","코스닥시장 이전상장",,,"-","500","3995376","239890","피엔에이치테크"
"3","036260","이매진아시아","KOSDAQ","주권","보통주","1999/12/10","2021/02/15","기업의 계속성 및 경영의 투명성 등을 종합적으로 고려하여 상장폐지기준에 해당","2021/02/02","2021/02/10","오락·문화","500","43778171",,
"4","278380","원바이오젠","KONEX","주권","보통주","2019/06/03","2021/02/09","피흡수합병",,,"-","500","2394060",,
"5","241510","이에스산업","KONEX","주권","보통주","2016/04/26","2021/01/26","지정자문인 선임계약 해지 후 30일 이내 미체결(2021.1.13 限)","2021/01/15","2021/01/25","-","500","5983000",,
"6","291210","한국제7호스팩","KOSDAQ","주권","보통주","2018/05/11","2021/01/15","상장예비심사 청구서 미제출로 관리종목 지정 후 1개월 이내 동사유 미해소","2021/01/06","2021/01/14","금융","100","5060000",,
"7","284610","TS트릴리온","KONEX","주권","보통주","2017/12/22","2020/12/30","피흡수합병",,,"-","100","37657000",,
"8","251960","엠에프엠코리아","KONEX","주권","보통주","2016/09/08","2020/12/30","피흡수합병",,,"-","500","10719488",,
"9","057500","SKC 솔믹스","KOSDAQ","주권","보통주","2001/12/26","2020/12/23","타법인의 완전자회사로 편입",,,"반도체","500","61494040",,
"10","314130","지놈앤컴퍼니","KONEX","주권","보통주","2018/12/26","2020/12/23","코스닥시장 이전상장",,,"-","500","11319477","314130","지놈앤컴퍼니"
"11","152330","코리아오토글라스","KOSPI","주권","보통주","2015/12/29","2020/12/18","해산 사유 발생",,,"비금속광물","5000","20000000",,
"12","064850","에프앤가이드","KONEX","주권","보통주","2013/07/01","2020/12/17","코스닥시장 이전상장",,,"-","500","11000000","064850","에프앤가이드"
"13","003415","쌍용양회우","KOSPI","주권","구형우선주","1992/04/23","2020/12/03","신청에 의한 상장폐지",,,"비금속광물","1000","1543685","003410","쌍용양회공업"
"14","271780","비엔에프코퍼레이션","KONEX","주권","보통주","2018/11/30","2020/11/05","상장폐지 신청('20.10.13)",,,"-","100","3230000",,
"15","214610","미코바이오메드","KONEX","주권","보통주","2015/06/22","2020/10/22","코스닥시장 이전상장",,,"-","500","14149376","214610","미코바이오메드"
"16","126340","비나텍","KONEX","주권","보통주","2013/07/01","2020/09/23","코스닥시장 이전상장",,,"-","500","4253300","126340","비나텍"
"17","194510","파티게임즈","KOSDAQ","주권","보통주","2014/11/21","2020/09/09","감사의견거절(감사범위 제한)","2020/09/07","2020/09/08","디지털컨텐츠","500","24488350",,
"18","277480","신한제4호스팩","KOSDAQ","주권","보통주","2017/10/20","2020/08/20","상장예비심사 청구서 미제출로 관리종목 지정 후 1개월 이내 동 사유 미해소","2020/08/10","2020/08/19","금융","100","6010000",,
"19","204990","코썬바이오","KOSDAQ","주권","보통주","2016/12/09","2020/08/11","기업의 계속성 및 경영의 투명성 등을 종합적으로 고려하여 상장폐지기준에 해당한다고 결정","2020/07/31","2020/08/10","음식료·담배","500","31942923",,
"20","228180","티씨엠생명과학","KONEX","주권","보통주","2015/10/22","2020/08/07","포괄적 주식교환에 따른 상장폐지 신청('20.7.17)",,,"-","500","3266470",,
"21","065940","바이오빌","KOSDAQ","주권","보통주","2003/01/07","2020/07/31","감사의견 거절(감사범위 제한 및 계속기업 존속능력에 대한 불확실성)","2020/07/22","2020/07/30","화학","500","43987186",,
"22","101360","이엔드디","KONEX","주권","보통주","2013/07/01","2020/07/30","코스닥시장 이전상장",,,"-","500","6896300","101360","이엔드디"
"23","281410","한국제6호스팩","KOSDAQ","주권","보통주","2017/12/21","2020/07/27","상장예비심사 청구서 미제출로 관리종목 지정 후 1개월 이내 동 사유 미해소","2020/07/16","2020/07/24","금융","100","4510000",,
"24","225220","제놀루션","KONEX","주권","보통주","2015/08/03","2020/07/24","코스닥시장 이전상장",,,"-","500","3241584","225220","제놀루션"
"25","277880","티에스아이","KONEX","주권","보통주","2017/10/30","2020/07/22","코스닥시장 이전상장",,,"-","500","7789765","277880","티에스아이"
"26","004200","고려개발","KOSPI","주권","보통주","1978/10/30","2020/07/21","해산 사유 발생",,,"건설업","5000","15219444",,
"27","108790","인터파크","KOSDAQ","주권","보통주","2014/02/06","2020/07/16","피흡수합병",,,"유통","500","33155480",,
"28","002300","한국제지","KOSPI","주권","보통주","1971/06/23","2020/07/13","해산 사유 발생",,,"종이목재","5000","5004949",,
"29","149940","모다","KOSDAQ","주권","보통주","2012/09/25","2020/07/10","감사의견거절(감사범위 제한)","2020/07/08","2020/07/09","통신장비","500","21160409",,
"30","279410","한화에이스스팩4호","KOSDAQ","주권","보통주","2017/11/27","2020/07/03","상장예비심사 청구서 미제출로 관리종목 지정 후 1개월 이내 동 사유 미해소","2020/06/24","2020/07/02","금융","100","3495000",,
"31","134780","화진","KOSDAQ","주권","보통주","2011/08/10","2020/07/02","감사의견거절(감사범위제한)","2020/06/23","2020/07/01","운송장비·부품","500","12288743",,
"32","099340","하나니켈1호","KOSPI","투자회사","보통주","2008/02/01","2020/07/01","존속기간 만료",,,"기타금융","무액면","22756200",,
"33","099350","하나니켈2호","KOSPI","투자회사","보통주","2008/02/01","2020/07/01","존속기간 만료",,,"기타금융","무액면","3284000",,
"34","005450","신한","KOSPI","주권","보통주","1978/07/28","2020/06/30","감사의견 의견거절 2년 계속","2020/06/19","2020/06/29","건설업","5000","7022839",,
"35","112240","에스에프씨","KOSDAQ","주권","보통주","2011/11/30","2020/06/30","감사의견 거절(감사범위 제한)","2020/06/19","2020/06/29","화학","500","43981834",,
"36","229000","젠큐릭스","KONEX","주권","보통주","2015/10/27","2020/06/25","코스닥시장 이전상장",,,"-","500","5392726","229000","젠큐릭스"
"37","083370","동북아12호","KOSPI","선박투자회사","보통주","2005/08/29","2020/06/23","존속기간 만료",,,"서비스업","5000","1585660",,
"38","276920","IBKS제7호스팩","KOSDAQ","주권","보통주","2017/11/10","2020/06/18","상장예비심사 청구서 미제출로 관리종목 지정 후 1개월 이내 동 사유 미해소","2020/06/09","2020/06/17","금융","100","3650000",,
"39","183350","LPK로보틱스","KONEX","주권","보통주","2013/10/11","2020/06/17","외부감사인의 감사의견 거절(감사범위 제한), 감사의견 한정(감사범위 제한)","2020/06/08","2020/06/16","-","500","4698324",,
"40","220250","카이노스메드","KONEX","주권","보통주","2015/09/10","2020/06/08","피흡수합병",,,"-","500","14066238",,
"41","103130","웅진에너지","KOSPI","주권","보통주","2010/06/30","2020/06/01","감사의견 의견거절 2년 계속","2020/05/21","2020/05/29","전기전자","5000","30947322",,
"42","094190","이엘케이","KOSDAQ","주권","보통주","2007/10/29","2020/05/22","감사의견 거절(감사범위 제한 및 계속기업 존속능력에 대한 불확실성)","2020/05/13","2020/05/21","IT부품","500","72327965",,
"43","900040","차이나그레이트","KOSDAQ","외국주권","보통주","2009/05/29","2020/05/22","법정제출기한까지 사업보고서를 제출하지 아니한 후, 법정제출기한의 다음날부터 10일이내에 사업보고서를 제출하지 아니함 ","2020/05/13","2020/05/21","금융","0.1","125866557",,
"44","030270","에스마크","KOSDAQ","주권","보통주","1997/01/17","2020/05/21","감사의견거절(감사범위제한 및 계속기업 존속 불확실)","2020/05/12","2020/05/20","섬유·의류","500","7562701",,
"45","054340","피앤텔","KOSDAQ","주권","보통주","2002/01/10","2020/05/21","감사의견 거절(감사범위 제한 및 계속기업 존속능력에 대한 불확실성)","2020/05/12","2020/05/20","IT부품","500","4031039",,
"46","197210","리드","KOSDAQ","주권","보통주","2015/11/20","2020/05/14","기업의 계속성 및 경영의 투명성 등을 종합적으로 고려하여 상장폐지기준에 해당한다고 결정","2020/05/04","2020/05/13","반도체","500","25060166",,
"47","205290","케미메디","KONEX","주권","보통주","2017/01/13","2020/05/13","외부감사인의 감사의견 의견거절(감사범위 제한)","2020/04/29","2020/05/12","-","500","8159148",,
"48","189540","씨티네트웍스","KONEX","주권","보통주","2013/12/24","2020/05/12","감사의견 거절(계속기업 존속능력에 대한 불확실성)","2020/04/28","2020/05/11","-","500","2415990",,
"49","083380","동북아13호","KOSPI","선박투자회사","보통주","2005/08/29","2020/05/04","존속기간 만료",,,"서비스업","5000","1585660",,
"50","159650","하이골드8호","KOSPI","선박투자회사","보통주","2012/09/17","2020/04/27","감사의견 부적정","2020/04/16","2020/04/24","서비스업","5000","14905929",,
"51","027390","한화갤러리아타임월드","KOSPI","주권","보통주","1996/01/30","2020/04/16","지주회사(최대주주등)의 완전자회사화 등",,,"유통업","5000","6000131",,
"52","220110","드림티엔터테인먼트","KONEX","주권","보통주","2015/06/24","2020/04/10","사업보고서 법정제출기한('20.3.30限)내 미제출","2020/04/01","2020/04/09","-","200","10664262",,
"53","123260","파인넥스","KOSDAQ","주권","보통주","2011/12/05","2020/04/10","제28조제1항제9호에 따라 관리종목 지정 후 공시규정 제19조제1항에 따른 사업보고서 법정제출기한 내 미제출, 최근 2년간 3회 이상 공시규정 제19조제1항의 규정에 의한 사업보고서, 반기보고서 또는 분기보고서 법정제출기한 내 미제출","2020/04/01","2020/04/09","반도체","500","24015495",,
"54","001799","대한제당3우B","KOSPI","주권","신형우선주","2010/04/09","2020/04/08","존속기간 만료",,,"음식료품","2500","129656","001790","대한제당"
"55","011160","두산건설","KOSPI","주권","보통주","1996/01/30","2020/03/24","지주회사(최대주주등)의 완전자회사화 등",,,"건설업","500","329897110",,
"56","271740","한국제5호스팩","KOSDAQ","주권","보통주","2017/07/24","2020/03/03","상장예비심사 청구서 미제출로 관리종목 지정 후 1개월 이내 동 사유 미해소","2020/02/21","2020/03/02","금융","100","4000000",,
"57","311840","대원모방","KONEX","주권","보통주","2018/12/27","2020/02/27","지정자문인 선임계약 해지 후 30일 이내 미체결(2020.2.13 限)","2020/02/18","2020/02/26","-","500","1593280",,
"58","252370","유쎌","KONEX","주권","보통주","2016/09/29","2020/02/27","지정자문인 선임계약 해지 후 30일 이내 미체결(2020.2.13 限)","2020/02/18","2020/02/26","-","500","1325000",,
"59","079440","오렌지라이프","KOSPI","주권","보통주","2017/05/11","2020/02/14","지주회사(최대주주등)의 완전자회사화 등",,,"보험","1000","82000000",,
"60","122800","썬텍","KOSDAQ","주권","보통주","2010/11/26","2020/02/12","기업의 계속성 및 경영의 투명성 등을 종합적으로 고려하여 상장폐지기준에 해당한다고 결정","2020/02/03","2020/02/11","금속","100","35153085",,
"61","065370","위세아이텍","KONEX","주권","보통주","2018/04/02","2020/02/10","코스닥시장 이전상장",,,"-","500","3400000","065370","위세아이텍"
"62","077280","한컴지엠디","KOSDAQ","주권","보통주","2004/06/02","2020/01/16","피흡수합병",,,"소프트웨어","500","11766339",,
"63","265920","한화수성스팩","KOSDAQ","주권","보통주","2017/06/08","2020/01/15","상장예비심사 청구서 미제출로 관리종목 지정후 1개월 이내 동사유를 미해소","2020/01/06","2020/01/14","금융","100","4440000",,
"64","265480","미래에셋대우스팩1호","KOSDAQ","주권","보통주","2017/05/26","2020/01/03","상장예비심사 청구서 미제출로 관리종목 지정 후 1개월 이내 동 사유 미해소","2019/12/20","2020/01/02","금융","100","4840000",,
"65","210610","소프트캠프","KONEX","주권","보통주","2014/12/18","2019/12/30","피흡수합병",,,"-","500","4467252",,
"66","122050","아이엘사이언스","KONEX","주권","보통주","2018/11/16","2019/12/27","피흡수합병",,,"-","500","6784104",,
"67","035480","제이테크놀로지","KOSDAQ","주권","보통주","1999/11/18","2019/12/12","기업의 계속성 및 경영의 투명성 등을 종합적으로 고려하여 상장폐지기준에 해당한다고 결정","2019/12/03","2019/12/11","오락·문화","500","9105814",,
"68","302550","리메드","KONEX","주권","보통주","2018/08/14","2019/12/06","코스닥시장 이전상장",,,"-","500","5204956","302550","리메드"
"69","247300","인프라웨어테크놀러지","KONEX","주권","보통주","2016/07/08","2019/12/06","피흡수합병",,,"-","500","6118198",,
"70","264290","한화에이스스팩3호","KOSDAQ","주권","보통주","2017/05/02","2019/12/06","상장예비심사 청구서 미제출로 관리종목 지정 후 1개월 이내 동 사유 미해소","2019/11/27","2019/12/05","금융","100","3080000",,
"71","226610","한국비엔씨","KONEX","주권","보통주","2015/12/18","2019/12/03","피흡수합병",,,"-","500","6028801",,
"72","017680","데코앤이","KOSDAQ","주권","보통주","1993/09/03","2019/11/20","발행한 어음 또는 수표가 주거래은행에 의하여 최종부도로 결정되거나 거래은행에 의한 거래정지","2019/11/11","2019/11/19","섬유·의류","500","14585615",,
"73","230400","자비스","KONEX","주권","보통주","2015/11/17","2019/11/15","피흡수합병",,,"-","500","3558916",,
"74","279600","미디어젠","KONEX","주권","보통주","2017/11/10","2019/11/05","코스닥시장 이전상장",,,"-","500","3680381","279600","미디어젠"
"75","036420","제이콘텐트리","KOSDAQ","주권","보통주","2000/03/23","2019/10/18","유가증권시장 상장",,,"서비스업","5000","14406898","036420","제이콘텐트리"
"76","262830","대신밸런스제4호스팩","KOSDAQ","주권","보통주","2017/03/03","2019/10/10","상장예비심사 청구서 미제출로 관리종목 지정 후 1개월 이내 동 사유 미해소","2019/09/27","2019/10/08","금융","100","5010000",,
"77","135270","세종머티리얼즈","KONEX","주권","보통주","2014/12/17","2019/10/02","파산선고에 따른 해산사유 발생","2019/09/23","2019/10/01","-","500","7146051",,
"78","257730","신한제3호스팩","KOSDAQ","주권","보통주","2017/02/23","2019/10/01","상장예비심사 청구서 미제출로 관리종목 지정 후 1개월 이내 동 사유 미해소","2019/09/20","2019/09/30","금융","100","3505000",,
"79","271400","알로이스","KONEX","주권","보통주","2017/07/07","2019/10/01","피흡수합병",,,"-","500","2726400",,
"80","225650","쿠첸","KOSDAQ","주권","보통주","2015/09/04","2019/09/16","타법인의 완전자회사로 편입",,,"일반전기전자","500","10686277",,
"81","232330","SK3호스팩","KOSDAQ","주권","보통주","2016/11/16","2019/08/30","상장예비심사 청구서 미제출로 관리종목 지정 후 1개월 이내 동 사유 미해소","2019/08/21","2019/08/29","금융","100","3600000",,
"82","186230","그린플러스","KONEX","주권","보통주","2013/12/20","2019/08/07","코스닥시장 이전상장",,,"-","500","3202873","186230","그린플러스"
"83","026180","현대정보기술","KOSDAQ","주권","보통주","2000/08/08","2019/07/17","피흡수합병",,,"컴퓨터서비스","1000","59537195",,
"84","221670","주노콜렉션","KONEX","주권","보통주","2017/06/27","2019/07/16"," 지정자문인 선임계약 해지 후 30일 이내 미체결(2019.7.2 限) ","2019/07/05","2019/07/15","-","500","3373320",,
"85","176560","포인트엔지니어링","KONEX","주권","보통주","2017/08/14","2019/07/16","피흡수합병",,,"-","500","6200000",,
"86","262760","엔케이맥스","KONEX","주권","보통주","2018/08/09","2019/07/04","피흡수합병",,,"-","500","16820000",,
"87","079660","사조해표","KOSPI","주권","보통주","2004/09/21","2019/06/26","해산 사유 발생",,,"음식료품","5000","7160000",,
"88","229480","줌인터넷","KONEX","주권","보통주","2016/06/10","2019/06/10","피흡수합병",,,"-","500","10808738",,
"89","003670","포스코케미칼","KOSDAQ","주권","보통주","2001/11/01","2019/05/29","유가증권시장 상장",,,"비금속광물","500","60988220","003670","포스코케미칼"
"90","253840","수젠텍","KONEX","주권","보통주","2016/11/11","2019/05/28","코스닥시장 이전상장",,,"-","500","11426006","253840","수젠텍"
"91","242850","영현무역","KONEX","주권","보통주","2016/05/20","2019/05/22","지정자문인 선임계약 해지 후 30일 이내 미체결(2019.5.8 限)","2019/05/13","2019/05/21","-","500","1620000",,
"92","002250","알보젠코리아","KOSPI","주권","보통주","1973/11/10","2019/05/20","지주회사(최대주주등)의 완전자회사화 등",,,"의약품","5000","11857922",,
"93","004987","성신양회2우B","KOSPI","주권","신형우선주","1999/03/15","2019/05/10","존속기간 만료",,,"비금속광물","5000","220693","004980","성신양회"
"94","004989","성신양회3우B","KOSPI","주권","신형우선주","2001/02/01","2019/05/10","존속기간 만료",,,"비금속광물","5000","286898","004980","성신양회"
"95","140890","트러스제7호","KOSPI","부동산투자회사","보통주","2011/09/30","2019/05/07","해산 사유 발생",,,"서비스업","5000","9686000",,
"96","065160","에프티이앤이","KOSDAQ","주권","보통주","2002/07/30","2019/05/03","감사의견 거절(감사범위 제한)","2019/04/30","2019/05/02","화학","500","67990951",,
"97","228760","지노믹트리","KONEX","주권","보통주","2016/07/19","2019/03/27","코스닥시장 이전상장",,,"-","500","15949178","228760","지노믹트리"
"98","192080","더블유게임즈","KOSDAQ","주권","보통주","2015/11/04","2019/03/12","유가증권시장 상장",,,"서비스업","500","18260502","192080","더블유게임즈"
"99","250300","제이에스피브이","KONEX","주권","보통주","2016/08/10","2019/03/04","지정자문인 선임계약 해지 후 30일이내 미체결(2019.2.1 限)","2019/02/11","2019/02/28","-","100","23672671",,
"100","245030","스페이스솔루션","KONEX","주권","보통주","2016/06/03","2019/02/27","상장폐지 신청('19.1.25)","2019/02/18","2019/02/26","-","500","1120000",,
"101","123100","원익테라세미콘","KOSDAQ","주권","보통주","2011/11/01","2019/02/20","피흡수합병",,,"반도체","500","11303840",,
"102","000030","우리은행","KOSPI","주권","보통주","2014/11/19","2019/02/13","지주회사(최대주주등)의 완전자회사화 등",,,"은행","5000","676000000",,
"103","240540","한국4호스팩","KOSDAQ","주권","보통주","2016/06/22","2019/01/29","상장예비심사 청구서 미제출로 관리종목 지정 후 1개월 이내 동 사유 미해소","2019/01/18","2019/01/28","금융","100","5500000",,
"104","900090","차이나하오란","KOSDAQ","외국주권","보통주","2010/02/05","2019/01/02","제28조제1항제9호에 따라 관리종목 지정 후 공시규정 제19조 제1항에 따른 분기보고서 법정기한 내 미제출","2018/12/19","2018/12/28","금융","무액면","94000000",,
"105","004130","대덕GDS","KOSPI","주권","보통주","1987/08/10","2018/12/19","해산 사유 발생",,,"전기전자","500","20575613",,
"106","004135","대덕GDS우","KOSPI","주권","구형우선주","1988/10/21","2018/12/19","해산 사유 발생",,,"전기전자","500","2160000",,
"107","002000","한국유리","KOSPI","주권","보통주","1969/06/27","2018/12/13","신청에 의한 상장폐지","2018/12/04","2018/12/12","비금속광물","5000","10079660",,
"108","002005","한국유리우","KOSPI","주권","구형우선주","1989/12/20","2018/12/13","신청에 의한 상장폐지","2018/12/04","2018/12/12","비금속광물","5000","454767",,
"109","167380","나무기술","KONEX","주권","보통주","2016/11/28","2018/12/11","피흡수합병",,,"-","500","2312300",,
"110","272420","극동자동화","KONEX","주권","보통주","2017/06/28","2018/11/15","상장폐지 신청('18.11.5)",,,"-","500","500000",,
"111","242420","본느","KONEX","주권","보통주","2016/05/16","2018/10/29","피흡수합병",,,"-","500","3242700",,
"112","192530","광주은행","KOSPI","주권","보통주","2014/05/22","2018/10/26","지주회사(최대주주등)의 완전자회사화 등",,,"은행","5000","51316057",,
"113","194610","우성아이비","KOSDAQ","주권","보통주","2014/06/10","2018/10/12","감사의견거절(감사범위 제한 및 계속기업 존속능력에 대한 불확실성)","2018/09/28","2018/10/11","기타제조","100","21570000",,
"114","155960","지디","KOSDAQ","주권","보통주","2013/02/13","2018/10/12","감사의견 거절(감사범위 제한)","2018/09/28","2018/10/11","IT부품","500","18709617",,
"115","232270","케이비제9호스팩","KOSDAQ","주권","보통주","2016/02/29","2018/10/12","상장예비심사 청구서 미제출로 관리종목 지정 후 1개월 이내 동 사유 미해소","2018/10/01","2018/10/11","금융","100","13815700",,
"116","235010","하이에이아이1호스팩","KOSDAQ","주권","보통주","2016/03/04","2018/10/12","상장예비심사 청구서 미제출로 관리종목 지정 후 1개월 이내 동 사유 미해소","2018/10/01","2018/10/11","금융","100","4950000",,
"117","032040","C&S자산관리","KOSDAQ","주권","보통주","1997/01/23","2018/10/11","감사의견거절(범위제한 및 계속기업 존속능력에 대한 불확실성)","2018/09/28","2018/10/10","기타서비스","2500","10913968",,
"118","081970","넥스지","KOSDAQ","주권","보통주","2007/08/20","2018/10/11","감사의견거절(감사범위제한)","2018/09/28","2018/10/10","소프트웨어","500","8070924",,
"119","047440","레이젠","KOSDAQ","주권","보통주","2001/11/20","2018/10/11","감사의견거절(감사범위 제한 및 계속기업 존속능력에 대한 불확실성)","2018/09/28","2018/10/10","IT부품","500","29146629",,
"120","110660","세신버팔로","KONEX","주권","보통주","2014/12/08","2018/10/11","지정자문인 선임계약 해지 후 30일이내 미체결(2018.9.20限)","2018/09/28","2018/10/10","-","500","6000000",,
"121","026260","위너지스","KOSDAQ","주권","보통주","1996/09/24","2018/10/11","감사의견거절(감사범위 제한)","2018/09/28","2018/10/10","유통","500","6495008",,
"122","052290","트레이스","KOSDAQ","주권","보통주","2001/05/31","2018/10/11","감사의견거절(감사범위 제한)","2018/09/28","2018/10/10","IT부품","500","54822175",,
"123","005980","성지건설","KOSPI","주권","보통주","1995/03/17","2018/10/04","감사의견 의견거절","2018/09/19","2018/10/02","건설업","5000","14209379",,
"124","237720","케이엠제약","KONEX","주권","보통주","2016/02/24","2018/09/28","피흡수합병",,,"-","100","2243238",,
"125","219750","지티지웰니스","KONEX","주권","보통주","2015/06/17","2018/09/21","코스닥시장 이전상장",,,"-","500","4828665","219750","지티지웰니스"
"126","016170","카카오M","KOSDAQ","주권","보통주","2001/01/11","2018/09/18","피흡수합병",,,"출판·매체복제","500","25291705",,
"127","062580","인산가","KONEX","주권","보통주","2015/12/21","2018/09/11","피흡수합병",,,"-","500","4400000",,
"128","197140","디지캡","KONEX","주권","보통주","2014/05/30","2018/09/07","코스닥시장 이전상장",,,"-","500","3153581","197140","디지캡"
"129","251540","에스와이제이","KONEX","주권","보통주","2017/05/02","2018/09/07","감사의견 거절(감사범위 제한)","2018/08/29","2018/09/06","-","500","6566575",,
"130","173130","오파스넷","KONEX","주권","보통주","2016/12/20","2018/08/24","코스닥시장 이전상장",,,"-","500","2967502","173130","오파스넷"
"131","138290","지성이씨에스","KONEX","주권","보통주","2015/11/30","2018/08/22","상장폐지 신청('18.7.19)","2018/08/10","2018/08/21","-","1000","2352000",,
"132","043580","에임하이","KOSDAQ","주권","보통주","2001/08/02","2018/08/10","감사의견거절(감사범위 제한)","2018/08/01","2018/08/09","IT부품","500","65262623",,
"133","144740","피엠디아카데미","KONEX","주권","보통주","2013/07/01","2018/08/07","지정자문인 선임계약 해지 후 30일이내 미체결(2018.07.24限)","2018/07/27","2018/08/06","-","500","1737554",,
"134","230490","동부제4호스팩","KOSDAQ","주권","보통주","2015/12/18","2018/07/26","상장예비심사 청구서 미제출로 관리종목 지정 후 1개월 이내 동 사유 미해소","2018/07/17","2018/07/25","금융","100","5300000",,
"135","130960","CJ E&M","KOSDAQ","주권","보통주","2010/10/15","2018/07/18","피흡수합병",,,"방송서비스","5000","38732089",,
"136","090730","SIMPAC Metal","KOSDAQ","주권","보통주","2008/10/17","2018/07/17","피흡수합병",,,"금속","500","13000000",,
"137","024660","하림홀딩스","KOSDAQ","주권","보통주","1997/08/06","2018/07/16","피흡수합병",,,"금융","500","89157190",,
"138","099660","신텍","KOSDAQ","주권","보통주","2009/04/30","2018/07/09","발행한 어음 또는 수표가 주거래은행에 의하여 최종부도로 결정되거나 거래은행에 의한 거래정지","2018/06/28","2018/07/06","금속","500","63987602",,
"139","226850","키움스팩4호","KOSDAQ","주권","보통주","2015/10/29","2018/06/05","상장예비심사 청구서 미제출로 관리종목 지정 후 1개월 이내 동 사유 미해소","2018/05/25","2018/06/04","금융","100","10204000",,
"140","225440","이베스트스팩3호","KOSDAQ","주권","보통주","2015/10/19","2018/05/28","상장예비심사 청구서 미제출로 관리종목 지정 후 1개월 이내 동 사유 미해소","2018/05/16","2018/05/25","금융","100","4100000",,
"141","900180","완리","KOSDAQ","외국주권","보통주","2011/06/13","2018/05/23","감사의견거절(감사범위 제한)","2018/05/11","2018/05/21","금융","무액면","107630204",,
"142","246830","시냅스엠","KONEX","주권","보통주","2016/07/13","2018/05/14","감사의견 거절(계속기업 존속능력에 대한 불확실성)","2018/05/02","2018/05/11","-","500","1311610",,
"143","013367","일성건설2우B","KOSPI","주권","신형우선주","2007/06/29","2018/05/11","존속기간 만료",,,"건설업","500","621240","013360","일성건설"
"144","235090","태경피엔에스","KONEX","주권","보통주","2016/03/16","2018/05/09","감사의견 거절(감사범위 제한)","2018/04/26","2018/05/08","-","500","23205369",,
"145","087220","스틸플라워","KOSDAQ","주권","보통주","2009/10/27","2018/05/08","감사의견거절(감사범위 제한 및 계속기업 존속능력에 대한 불확실성)","2018/04/25","2018/05/04","금속","500","72172928",,
"146","099830","씨그널엔터테인먼트그룹","KOSDAQ","주권","보통주","2011/01/24","2018/05/04","감사의견거절(감사범위 제한)","2018/04/24","2018/05/03","오락·문화","500","11633845",,
"147","252940","에스엠로보틱스","KONEX","주권","보통주","2016/09/30","2018/04/25","감사의견 거절(감사범위 제한 및 계속기업 존속능력에 대한 불확실성)","2018/04/16","2018/04/24","-","500","2075000",,
"148","091270","유디피","KONEX","주권","보통주","2014/12/12","2018/04/18","지정자문인 선임계약 해지 후 30일이내 미체결(2018.04.04限)","2018/04/09","2018/04/17","-","500","7338254",,
"149","221200","유진스팩3호","KOSDAQ","주권","보통주","2015/09/09","2018/04/17","상장예비심사 청구서 미제출로 관리종목 지정 후 1개월 이내 동 사유 미해소","2018/04/06","2018/04/16","금융","100","6750000",,
"150","223040","교보5호스팩","KOSDAQ","주권","보통주","2015/08/27","2018/03/30","상장예비심사 청구서 미제출로 관리종목 지정 후 1개월 이내 동 사유 미해소","2018/03/21","2018/03/29","금융","100","5430000",,
"151","221950","케이비드림3호스팩","KOSDAQ","주권","보통주","2015/08/21","2018/03/30","상장예비심사 청구서 미제출로 관리종목 지정 후 1개월 이내 동 사유 미해소","2018/03/21","2018/03/29","금융","100","6815000",,
"152","199870","세기리텍","KONEX","주권","보통주","2015/12/24","2018/03/28","지정자문인 선임계약 해지후 30일이내 미체결(18.3.14限)","2018/03/19","2018/03/27","-","500","9803030",,
"153","008000","도레이케미칼","KOSPI","주권","보통주","1977/06/30","2018/03/20","지주회사(최대주주등)의 완전자회사화 등",,,"화학","5000","46363851",,
"154","051170","썬코어","KOSDAQ","주권","보통주","2001/10/23","2018/03/15","'16사업연도 감사의견거절(계속기업 존속능력에 대한 불확실성) 및 '17사업연도 반기 감사의견거절(계속기업 존속능력에 대한 불확실성)","2018/03/06","2018/03/14","기계·장비","500","38868605",,
"155","222390","케이비제8호스팩","KOSDAQ","주권","보통주","2015/08/05","2018/03/13","상장예비심사 청구서 미제출로 관리종목 지정 후 1개월 이내 동 사유 미해소","2018/03/02","2018/03/12","금융","100","10310000",,
"156","039790","위노바","KOSDAQ","주권","보통주","2000/07/25","2018/03/09","기업의 계속성 및 경영의 투명성 등을 종합적으로 고려하여 상장폐지기준에 해당한다고 결정","2018/02/27","2018/03/08","화학","500","78610739",,
"157","219860","한화에이스스팩2호","KOSDAQ","주권","보통주","2015/07/20","2018/03/02","상장예비심사 청구서 미제출로 관리종목 지정 후 1개월 이내 동 사유 미해소","2018/02/20","2018/02/28","금융","100","7123000",,
"158","219960","유안타제2호스팩","KOSDAQ","주권","보통주","2015/07/17","2018/02/23","상장예비심사 청구서 미제출로 관리종목 지정 후 1개월 이내 동 사유 미해소","2018/02/12","2018/02/22","금융","100","6500000",,
"159","226400","오스테오닉","KONEX","주권","보통주","2016/05/04","2018/02/22","코스닥시장 이전상장",,,"-","500","5218995","226400","오스테오닉"
"160","183490","엔지켐생명과학","KONEX","주권","보통주","2013/09/25","2018/02/21","코스닥시장 이전상장",,,"-","500","6835375","183490","엔지켐생명과학"
"161","218710","키움스팩3호","KOSDAQ","주권","보통주","2015/07/06","2018/02/14","상장예비심사 청구서 미제출로 관리종목 지정 후 1개월 이내 동 사유 미해소","2018/02/05","2018/02/13","금융","100","6700000",,
"162","256090","패션플랫폼","KONEX","주권","보통주","2016/12/20","2018/02/13","피흡수합병",,,"-","500","4346000",,
"163","154030","아시아종묘","KONEX","주권","보통주","2014/07/08","2018/02/12","코스닥시장 이전상장",,,"-","500","8185539","154030","아시아종묘"
"164","068270","셀트리온","KOSDAQ","주권","보통주","2005/07/19","2018/02/09","유가증권시장 상장",,,"의약품","1000","122666424","068270","셀트리온"
"165","219580","골든브릿지제3호스팩","KOSDAQ","주권","보통주","2015/06/30","2018/02/07","상장예비심사 청구서 미제출로 관리종목 지정 후 1개월 이내 동 사유 미해소","2018/01/29","2018/02/06","금융","100","4900000",,
"166","219420","링크제니시스","KONEX","주권","보통주","2016/07/29","2018/02/05","코스닥시장 이전상장",,,"-","100","2127300","219420","링크제니시스"
"167","217810","엔에이치스팩7호","KOSDAQ","주권","보통주","2015/06/12","2018/01/19","상장예비심사 청구서 미제출로 관리종목 지정 후 1개월 이내 동 사유 미해소","2018/01/10","2018/01/18","금융","100","4830000",,
"168","215750","미래에셋제3호스팩","KOSDAQ","주권","보통주","2015/05/22","2018/01/04","상장예비심사 청구서 미제출로 관리종목 지정 후 1개월 이내 동 사유 미해소","2017/12/21","2018/01/03","금융","100","6100000",,
"169","233190","미래자원엠엘","KONEX","주권","보통주","2015/12/24","2017/12/28","피흡수합병",,,"-","100","3000000",,
"170","215580","대우스팩3호","KOSDAQ","주권","보통주","2015/05/19","2017/12/26","상장예비심사 청구서 미제출로 관리종목 지정 후 1개월 이내 동 사유 미해소","2017/12/14","2017/12/22","금융","100","5410000",,
"171","232290","SGA시스템즈","KONEX","주권","보통주","2016/03/30","2017/12/22","피흡수합병",,,"-","500","6349323",,
"172","023430","아이이","KOSDAQ","주권","보통주","1994/10/07","2017/12/20","기업의 계속성 및 경영의 투명성 등을 종합적으로 고려하여 상장폐지기준에 해당한다고 결정","2017/12/11","2017/12/19","유통","500","29769930",,
"173","260490","캐로스","KONEX","주권","보통주","2016/12/23","2017/11/29","지정자문인 선임계약 해지 후 30일이내 미체결(2017.11.15限)","2017/11/20","2017/11/28","-","500","1816500",,
"174","148140","비디아이","KONEX","주권","보통주","2017/01/16","2017/11/09","코스닥시장 이전상장",,,"-","500","4160000","148140","비디아이"
"175","207930","SK1호스팩","KOSDAQ","주권","보통주","2015/03/31","2017/11/06","상장예비심사 청구서 미제출로 관리종목 지정 후 1개월 이내 동 사유 미해소","2017/10/26","2017/11/03","금융","100","5500000",,
"176","206660","골든브릿지제2호스팩","KOSDAQ","주권","보통주","2015/02/05","2017/10/20","상장예비심사 청구서 미제출로 관리종목 지정 후 1개월 이내 동 사유 미해소","2017/10/11","2017/10/19","금융","100","3900000",,
"177","234100","세원","KONEX","주권","보통주","2015/12/29","2017/10/20","코스닥시장 이전상장",,,"-","500","2940000","234100","세원"
"178","207720","엔에이치SL스팩","KOSDAQ","주권","보통주","2014/12/17","2017/10/16","상장예비심사 청구서 미제출로 관리종목 지정 후 1개월 이내 동 사유 미해소","2017/09/27","2017/10/13","금융","100","2505000",,
"179","061460","한진피앤씨","KOSDAQ","주권","보통주","2002/04/11","2017/09/29","피흡수합병",,,"화학","500","83954010",,
"180","000327","노루홀딩스2우B","KOSPI","주권","신형우선주","2007/09/28","2017/09/28","존속기간 만료",,,"기타금융","500","92540","000320","노루홀딩스"
"181","900050","중국원양자원","KOSPI","외국주권","보통주","2009/05/22","2017/09/27","감사의견 의견거절","2017/09/18","2017/09/26","기타금융","무액면","97859369",,
"182","085980","세화피앤씨","KONEX","주권","보통주","2013/09/25","2017/09/19","피흡수합병",,,"-","500","3785000",,
"183","095300","엔에스브이","KOSDAQ","주권","보통주","2009/04/17","2017/09/12","감사의견 거절(내부회계관리제도상의 취약점, 계속기업가정의 불확실성 및 재고자산 관련 감사범위 제한)","2017/09/01","2017/09/11","기계·장비","500","12557256",,
"184","256940","케이피에스","KONEX","주권","보통주","2016/12/21","2017/09/06","코스닥시장 이전상장",,,"-","500","3158354","256940","케이피에스"
"185","189700","디피앤케이","KONEX","주권","보통주","2014/06/10","2017/08/31","지정자문인 선임계약 해지 후 30일이내 미체결(2017.08.17限)","2017/08/22","2017/08/30","-","500","7285439",,
"186","005620","대성합동지주","KOSPI","주권","보통주","1976/12/28","2017/08/25","해산 사유 발생",,,"서비스업","5000","1799077",,
"187","005255","녹십자홀딩스1우","KOSPI","주권","구형우선주","1994/11/22","2017/08/07","종류주식 거래량요건 미충족(월평균거래량 1만주 미만) 2반기 계속",,,"서비스업","500","1668870","005250","녹십자홀딩스"
"188","204690","다린","KONEX","주권","보통주","2014/09/18","2017/08/02","상장폐지 신청('17.07.28)",,,"-","500","7933340",,
"189","083620","아시아15호","KOSPI","선박투자회사","보통주","2005/08/05","2017/07/31","존속기간 만료",,,"서비스업","5000","1946583",,
"190","208870","하나머스트3호스팩","KOSDAQ","주권","보통주","2014/12/24","2017/07/31","상장예비심사 청구서 미제출로 관리종목 지정 후 1개월 이내 동 사유 미해소","2017/07/20","2017/07/28","금융","100","2360000",,
"191","232360","아스팩오일","KONEX","주권","보통주","2015/12/22","2017/07/25","지정자문인 선임계약 해지 후 30일이내 미체결(2017.07.11限)","2017/07/14","2017/07/24","-","500","4645632",,
"192","900130","웨이포트","KOSDAQ","외국주권","보통주","2010/07/23","2017/07/25","상장폐지 신청('17.06.22)","2017/07/14","2017/07/24","금융","무액면","55880000",,
"193","002550","KB손해보험","KOSPI","주권","보통주","1976/07/05","2017/07/21","지주회사(최대주주등)의 완전자회사화 등",,,"보험","500","66500000",,
"194","021960","KB캐피탈","KOSPI","주권","보통주","1996/11/19","2017/07/21","지주회사(최대주주등)의 완전자회사화 등",,,"기타금융","5000","21492128",,
"195","156170","비앤에스미디어","KONEX","주권","보통주","2013/07/01","2017/07/13","지정자문인 선임계약 해지 후 30일이내 미체결(2017.6.29限)","2017/07/04","2017/07/12","-","500","3204540",,
"196","035720","카카오","KOSDAQ","주권","보통주","1999/11/11","2017/07/10","유가증권시장 상장",,,"서비스업","500","67781135","035720","카카오"
"197","204650","케이티비스팩1호","KOSDAQ","주권","보통주","2014/11/24","2017/07/07","상장예비심사 청구서 미제출로 관리종목 지정 후 1개월 이내 동 사유 미해소","2017/06/28","2017/07/06","금융","100","5500000",,
"198","004740","보루네오","KOSPI","주권","보통주","1988/09/22","2017/07/05","기업의 계속성, 경영의 투명성 및 기타 공익과 투자자 보호 등을 종합적으로 고려하여 상장폐지 기준에 해당한다고 결정","2017/06/26","2017/07/04","기타제조업","100","71925448",,
"199","083610","아시아14호","KOSPI","선박투자회사","보통주","2005/07/15","2017/06/20","신청에 의한 상장폐지",,,"서비스업","5000","1946194",,
"200","083570","아시아10호","KOSPI","선박투자회사","보통주","2005/08/23","2017/06/15","신청에 의한 상장폐지",,,"서비스업","5000","2607905",,
"201","083580","아시아11호","KOSPI","선박투자회사","보통주","2005/08/23","2017/06/15","신청에 의한 상장폐지",,,"서비스업","5000","2607905",,
"202","083590","아시아12호","KOSPI","선박투자회사","보통주","2005/08/23","2017/06/15","신청에 의한 상장폐지",,,"서비스업","5000","2607905",,
"203","083600","아시아13호","KOSPI","선박투자회사","보통주","2005/08/23","2017/06/15","신청에 의한 상장폐지",,,"서비스업","5000","2607905",,
"204","204760","현대에이블스팩1호","KOSDAQ","주권","보통주","2014/11/10","2017/06/15","상장예비심사 청구서 미제출로 관리종목 지정 후 1개월 이내 동 사유 미해소","2017/06/05","2017/06/14","금융","100","5525000",,
"205","083350","동북아10호","KOSPI","선박투자회사","보통주","2005/08/29","2017/06/14","신청에 의한 상장폐지",,,"서비스업","5000","1585660",,
"206","083360","동북아11호","KOSPI","선박투자회사","보통주","2005/08/29","2017/06/14","신청에 의한 상장폐지",,,"서비스업","5000","1585660",,
"207","083390","동북아14호","KOSPI","선박투자회사","보통주","2005/08/29","2017/06/14","신청에 의한 상장폐지",,,"서비스업","5000","1585660",,
"208","165270","금오하이텍","KONEX","주권","보통주","2013/12/10","2017/06/07","최종부도 발생","2017/05/26","2017/06/05","-","500","5513630",,
"209","204440","대우스팩2호","KOSDAQ","주권","보통주","2014/10/22","2017/05/29","상장예비심사 청구서 미제출로 관리종목 지정 후 1개월 이내 동 사유 미해소","2017/05/18","2017/05/26","금융","100","5750000",,
"210","003419","쌍용양회3우B","KOSPI","주권","신형우선주","1999/06/15","2017/05/16","존속기간 만료",,,"비금속광물","5000","158805","003410","쌍용양회공업"
"211","036500","에스에스컴텍","KOSDAQ","주권","보통주","1999/12/14","2017/05/11","감사의견 거절(감사범위 제한 및 계속기업 존속능력에 대한 불확실성)","2017/04/26","2017/05/10","반도체","500","35143649",,
"212","058370","비엔씨컴퍼니","KOSDAQ","주권","보통주","2002/02/19","2017/05/08","감사범위제한으로 인한 한정의견","2017/04/24","2017/05/04","유통","500","29714789",,
"213","086830","신양오라컴","KOSDAQ","주권","보통주","2006/12/27","2017/05/08","감사의견 거절(감사범위 제한 및 계속기업 존속능력에 대한 불확실성)","2017/04/24","2017/05/04","IT부품","100","61472389",,
"214","001689","대상3우B","KOSPI","주권","신형우선주","2007/04/27","2017/04/28","존속기간 만료",,,"음식료품","1000","236450","001680","대상"
"215","090970","코리아01호","KOSPI","선박투자회사","보통주","2006/07/21","2017/04/25","감사의견 의견거절","2017/04/14","2017/04/24","서비스업","5000","2191080",,
"216","090980","코리아02호","KOSPI","선박투자회사","보통주","2006/07/21","2017/04/25","감사의견 의견거절","2017/04/14","2017/04/24","서비스업","5000","2191080",,
"217","090990","코리아03호","KOSPI","선박투자회사","보통주","2006/07/21","2017/04/25","감사의견 의견거절","2017/04/14","2017/04/24","서비스업","5000","2191080",,
"218","091000","코리아04호","KOSPI","선박투자회사","보통주","2006/07/21","2017/04/25","감사의견 의견거절","2017/04/14","2017/04/24","서비스업","5000","2191080",,
"219","110570","넥솔론","KOSPI","주권","보통주","2011/10/14","2017/04/17","자본전액잠식","2017/04/06","2017/04/14","전기전자","500","161170196",,
"220","052270","우전","KOSDAQ","주권","보통주","2001/06/05","2017/04/13","자본전액잠식 등","2017/04/04","2017/04/12","IT부품","500","28728282",,
"221","194860","SY이노베이션","KONEX","주권","보통주","2014/04/25","2017/04/12","감사의견 거절(감사범위제한)","2017/04/03","2017/04/11","-","500","2460000",,
"222","063760","이엘피","KONEX","주권","보통주","2015/04/28","2017/04/06","코스닥시장 이전상장",,,"-","500","4015500","063760","이엘피"
"223","007190","한솔아트원제지","KOSPI","주권","보통주","1974/06/24","2017/03/15","해산 사유 발생",,,"종이목재","1000","38478081",,
"224","007197","한솔아트원제지2우B","KOSPI","주권","신형우선주","2009/07/06","2017/03/15","해산 사유 발생",,,"종이목재","1000","467715",,
"225","068150","케이엔씨글로벌","KOSDAQ","주권","보통주","2003/07/21","2017/03/07","기업의 계속성 및 경영의 투명성 등을 종합적으로 고려하여 상장폐지기준에 해당한다고 결정","2017/02/23","2017/03/06","건설","500","76507519",,
"226","117930","한진해운","KOSPI","주권","보통주","2009/12/29","2017/03/07","해산 사유 발생","2017/02/23","2017/03/06","운수창고업","5000","245269947",,
"227","066270","SK컴즈","KOSDAQ","주권","보통주","2003/11/07","2017/02/27","상장폐지신청('17.02.07)",,,"인터넷","500","43427530",,
"228","060910","프리젠","KOSDAQ","주권","보통주","2002/12/13","2017/02/24","최근 5사업연도 연속 영업손실 발생","2017/02/15","2017/02/23","IT부품","500","5330469",,
"229","198940","한주금속","KONEX","주권","보통주","2014/08/12","2017/02/21","상장폐지 신청('17.1.18)","2017/02/10","2017/02/20","-","500","8000995",,
"230","037620","미래에셋증권","KOSPI","주권","보통주","2006/02/15","2017/01/20","해산 사유 발생",,,"증권","5000","114285871",,
"231","144630","씨아이에스","KONEX","주권","보통주","2014/04/25","2017/01/20","피흡수합병",,,"-","500","3333320",,
"232","068870","LG생명과학","KOSPI","주권","보통주","2002/08/16","2017/01/17","해산 사유 발생",,,"의약품","5000","16576990",,
"233","068875","LG생명과학우","KOSPI","주권","구형우선주","2002/08/16","2017/01/17","해산 사유 발생",,,"의약품","5000","236216",,
"234","139200","하이골드2호","KOSPI","선박투자회사","보통주","2011/04/15","2017/01/11","신청에 의한 상장폐지",,,"서비스업","5000","13339907",,
"235","104120","신성에프에이","KOSPI","주권","보통주","2008/09/01","2017/01/02","해산 사유 발생",,,"기계","500","17726262",,
"236","104110","신성이엔지","KOSPI","주권","보통주","2008/09/01","2017/01/02","해산 사유 발생",,,"기계","500","19354144",,
"237","192240","나이코","KONEX","주권","보통주","2014/02/28","2016/12/23","상장폐지 신청('16.12.9)",,,"-","500","1708300",,
"238","204990","현성바이탈","KONEX","주권","보통주","2015/04/03","2016/12/09","코스닥시장 이전상장",,,"-","500","20000000",,
"239","203450","유니온커뮤니티","KONEX","주권","보통주","2014/07/23","2016/12/07","코스닥시장 이전상장",,,"-","500","11634273","203450","유니온커뮤니티"
"240","222520","솔트웍스","KONEX","주권","보통주","2015/07/08","2016/12/05","피흡수합병",,,"-","500","2480000",,
"241","185280","이푸른","KONEX","주권","보통주","2013/11/12","2016/12/05","지정자문인 선임계약 해지 후 30일이내 미체결(2016.11.21限)","2016/11/24","2016/12/02","-","500","2150000",,
"242","220100","퓨쳐켐","KONEX","주권","보통주","2015/08/13","2016/12/01","코스닥시장 이전상장",,,"-","500","4180139","220100","퓨쳐켐"
"243","156100","엘앤케이바이오","KONEX","주권","보통주","2013/07/01","2016/11/30","코스닥시장 이전상장",,,"-","500","8872672","156100","엘앤케이바이오"
"244","220180","핸디소프트","KONEX","주권","보통주","2015/06/29","2016/11/24","코스닥시장 이전상장",,,"-","500","5464009","220180","핸디소프트"
"245","011720","현대페인트","KOSPI","주권","보통주","1989/05/30","2016/11/21","감사의견 의견거절","2016/11/10","2016/11/18","화학","500","37139066",,
"246","003450","현대증권","KOSPI","주권","보통주","1975/09/30","2016/11/01","지주회사(최대주주등)의 완전자회사화 등",,,"증권","5000","236612530",,
"247","053810","아이팩토리","KOSDAQ","주권","보통주","2002/07/19","2016/09/19","감사의견 거절(감사범위 제한 및 기업회계기준 위배)","2016/09/05","2016/09/13","기계·장비","500","6280167",,
"248","037340","씨엘인터내셔널","KOSDAQ","주권","보통주","1999/12/14","2016/09/08","2반기 연속 자본잠식률 50% 이상","2016/08/30","2016/09/07","통신장비","500","55846961",,
"249","074150","엠제이비","KOSDAQ","주권","보통주","2005/07/08","2016/09/05","감사의견거절(감사범위 제한)","2016/08/25","2016/09/02","건설","500","28994741",,
"250","025270","부산방직","KOSDAQ","주권","보통주","1995/03/20","2016/08/18","피흡수합병",,,"섬유·의류","500","8000000",,
"251","019300","태림페이퍼","KOSPI","주권","보통주","1995/08/18","2016/08/11","신청에 의한 상장폐지","2016/08/02","2016/08/10","종이목재","500","39690000",,
"252","207230","디와이엘엔제이","KONEX","주권","보통주","2015/09/14","2016/07/26","지정자문인 선임계약의 해지한 날의 다음날부터 30일이내(2016.07.12限) 지정자문인 선임계약 미체결","2016/07/15","2016/07/25","-","1000","1782625",,
"253","082390","피엘에이","KOSDAQ","주권","보통주","2005/07/26","2016/07/25","기업의 계속성 및 경영의 투명성 등을 종합적으로 고려하여 상장폐지기준에 해당한다고 결정","2016/07/14","2016/07/22","IT부품","500","66227775",,
"254","123010","옵토팩","KONEX","주권","보통주","2014/10/31","2016/07/20","코스닥시장 이전상장",,,"-","500","3708352","123010","아이에이네트웍스"
"255","026960","동서","KOSDAQ","주권","보통주","1996/05/22","2016/07/15","유가증권시장 상장",,,"유통업","500","99700000","026960","동서"
"256","103650","에이치앤아이","KONEX","주권","보통주","2013/12/26","2016/07/14","최종부도 발생","2016/07/05","2016/07/13","-","500","3000000",,
"257","034830","한국토지신탁","KOSDAQ","주권","보통주","2001/05/22","2016/07/11","유가증권시장 상장",,,"기타금융","1000","252489230","034830","한국토지신탁"
"258","142760","바이오리더스","KONEX","주권","보통주","2014/11/26","2016/07/07","코스닥시장 이전상장",,,"-","500","11118310","142760","바이오리더스"
"259","179440","피엠에스","KONEX","주권","보통주","2014/02/28","2016/07/07","상장폐지 신청('16.6.14)",,,"-","200","3174875",,
"260","224090","정다운","KONEX","주권","보통주","2015/07/31","2016/06/29","피흡수합병",,,"-","500","4390000",,
"261","148250","알엔투테크놀로지","KONEX","주권","보통주","2013/12/24","2016/06/22","코스닥시장 이전상장",,,"-","500","5625442","148250","알엔투테크놀로지"
"262","092630","바다로3호","KOSPI","선박투자회사","보통주","2006/11/02","2016/06/13","신청에 의한 상장폐지",,,"서비스업","5000","886869",,
"263","008020","경남에너지","KOSPI","주권","보통주","1994/08/12","2016/05/19","신청에 의한 상장폐지","2016/05/10","2016/05/18","전기가스업","500","41249008",,
"264","008900","티이씨앤코","KOSPI","주권","보통주","1984/09/19","2016/05/17","해산 사유 발생",,,"전기전자","500","16242217",,
"265","036220","인포피아","KOSDAQ","주권","보통주","2007/06/05","2016/05/09","감사의견 거절(감사범위 제한으로 인한 의견거절)","2016/04/26","2016/05/04","제약","500","10694594",,
"266","086200","제이앤유글로벌","KOSDAQ","주권","보통주","2006/06/07","2016/05/09","감사의견거절(감사범위 제한)","2016/04/26","2016/05/04","통신장비","500","14760706",,
"267","078780","아이디에스","KOSDAQ","주권","보통주","2005/11/29","2016/04/28","'14사업연도 자본잠식률 50%이상 사유로 관리종목 지정 후 '15사업연도 반기 감사의견 거절","2016/04/19","2016/04/27","IT부품","500","7448265",,
"268","158380","삼목강업","KOSDAQ","주권","보통주","2013/04/30","2016/04/21","피흡수합병",,,"운송장비·부품","무액면","10200000",,
"269","051310","포스코플랜텍","KOSPI","주권","보통주","2007/11/29","2016/04/15","자본전액잠식","2016/04/05","2016/04/14","건설업","500","180834946",,
"270","063840","닉스테크","KONEX","주권","보통주","2013/11/12","2016/04/12","피흡수합병",,,"-","500","5600000",,
"271","065270","플렉스컴","KOSDAQ","주권","보통주","2002/10/23","2016/04/12","자본전액잠식","2016/04/01","2016/04/11","IT부품","500","15373337",,
"272","025850","한화화인케미칼","KOSPI","주권","보통주","1995/11/10","2016/03/15","해산 사유 발생",,,"화학","5000","7500000",,
"273","151750","테라텍","KONEX","주권","보통주","2013/07/01","2016/02/23","상장폐지 신청('16.02.01)",,,"-","500","2960000",,
"274","111610","승화프리텍","KOSDAQ","주권","보통주","2010/01/06","2016/01/25","기업의 계속성, 경영의 투명성 또는 그 밖에 코스닥시장의 건전성 등을 종합적으로 고려하여 상장폐지 기준에 해당한다고 결정","2016/01/14","2016/01/22","건설","500","37421698",,
"275","003940","삼양제넥스","KOSPI","주권","보통주","1987/06/26","2016/01/21","해산 사유 발생",,,"음식료품","5000","1905907",,
"276","003945","삼양제넥우","KOSPI","주권","구형우선주","1990/02/21","2016/01/21","해산 사유 발생",,,"음식료품","5000","171687",,
"277","122640","예스티","KONEX","주권","보통주","2014/12/29","2015/12/16","코스닥시장 이전상장",,,"-","500","3650071","122640","예스티"
"278","000687","LS네트웍스전환상환2우B","KOSPI","주권","신형우선주","2010/12/01","2015/11/26","존속기간 만료",,,"유통업","5000","832835","000680","LS네트웍스"
"279","197210","리드","KONEX","주권","보통주","2014/09/26","2015/11/20","코스닥시장 이전상장",,,"-","500","3816010",,
"280","180400","엠지메드","KONEX","주권","보통주","2014/12/15","2015/11/20","코스닥시장 이전상장",,,"-","500","1714320","180400","캔서롭"
"281","127160","매직마이크로","KONEX","주권","보통주","2013/12/20","2015/11/19","코스닥시장 이전상장",,,"-","500","4542125","127160","매직마이크로"
"282","185490","아이진","KONEX","주권","보통주","2013/11/28","2015/11/16","코스닥시장 이전상장",,,"-","500","8470185","185490","아이진"
"283","950010","평산차업 KDR","KOSPI","주식예탁증권","보통주","2007/11/26","2015/11/05","시가총액 미달","2015/10/27","2015/11/04","서비스업","무액면","4803497",,
"284","092870","엑시콘","KONEX","주권","보통주","2014/12/24","2015/10/22","코스닥시장 이전상장",,,"-","500","6823500","092870","엑시콘"
"285","121550","코크렙15호","KOSPI","부동산투자회사","보통주","2010/01/29","2015/10/16","매출액 미달(50억원 미만) 2년 계속","2015/10/06","2015/10/15","서비스업","5000","12400000",,
"286","053870","GT&T","KOSDAQ","주권","보통주","2001/12/13","2015/10/15","'14사업연도 자본잠식률 50%이상 사유로 관리종목 지정 후 '15사업연도 반기 감사의견 거절","2015/10/05","2015/10/14","통신장비","500","8000000",,
"287","082220","프렉코","KONEX","주권","보통주","2014/04/11","2015/09/25","지정자문인 선임계약의 해지한 날의 다음날부터 30일이내(2015.09.11限) 지정자문인 선임계약 미체결","2015/09/16","2015/09/24","-","500","4001000",,
"288","068060","KCW","KOSDAQ","주권","보통주","2003/01/28","2015/09/18","기업의 계속성, 경영의 투명성 또는 그 밖에 코스닥시장의 건전성 등을 종합적으로 고려하여 상장폐지 기준에 해당한다고 결정","2015/09/09","2015/09/17","운송장비·부품","500","5440000",,
"289","138440","이코리아리츠","KOSPI","부동산투자회사","보통주","2011/03/10","2015/09/16","기업의 계속성, 경영의 투명성 및 기타 공익과 투자자 보호 등을 종합적으로 고려하여 상장폐지 기준에 해당한다고 결정","2015/09/07","2015/09/15","서비스업","5000","1770000",,
"290","000830","삼성물산","KOSPI","주권","보통주","1975/12/12","2015/09/15","해산 사유 발생",,,"유통업","5000","156217764",,
"291","000835","삼성물산우","KOSPI","주권","구형우선주","1989/07/24","2015/09/15","해산 사유 발생",,,"유통업","5000","4648653",,
"292","003600","SK","KOSPI","주권","보통주","1984/11/12","2015/08/17","해산 사유 발생",,,"서비스업","5000","46961812",,
"293","003605","SK우","KOSPI","주권","구형우선주","1990/04/24","2015/08/17","해산 사유 발생",,,"서비스업","5000","509920",,
"294","094360","칩스앤미디어","KONEX","주권","보통주","2013/10/29","2015/08/05","코스닥시장 이전상장",,,"-","500","2728202","094360","칩스앤미디어"
"295","074130","디아이디","KOSDAQ","주권","보통주","2005/07/27","2015/07/23","기업의 계속성, 경영의 투명성 또는 그 밖에 코스닥시장의 건전성 등을 종합적으로 고려하여 상장폐지 기준에 해당한다고 결정","2015/07/14","2015/07/22","IT부품","500","18830000",,
"296","013450","동성하이켐","KOSDAQ","주권","보통주","1999/06/11","2015/07/20","피흡수합병",,,"화학","500","16249822",,
"297","040670","와이즈파워","KOSDAQ","주권","보통주","2000/08/18","2015/07/16","자본전액잠식 등","2015/07/07","2015/07/15","IT부품","100","97769579",,
"298","000997","동부하이텍2우B","KOSPI","주권","신형우선주","2007/05/21","2015/07/15","종류주식 상장주식수 미달 2반기 계속",,,"전기전자","5000","31019","000990","DB하이텍"
"299","000895","보해양조우","KOSPI","주권","구형우선주","1994/11/22","2015/07/15","종류주식 상장주식수 미달 2반기 계속",,,"음식료품","500","25510","000890","보해양조"
"300","008705","아남전자우","KOSPI","주권","구형우선주","1989/07/24","2015/07/15","종류주식 상장주식수 미달 2반기 계속",,,"전기전자","500","27690","008700","아남전자"
"301","010520","현대하이스코","KOSPI","주권","보통주","1989/09/29","2015/07/15","해산 사유 발생",,,"철강금속","5000","22807950",,
"302","053595","한국테크놀로지우","KOSDAQ","주권","신형우선주","2003/06/04","2015/07/13","종류주식 상장주식수 미달(5만주 미만) 2반기 계속","2015/07/02","2015/07/10","기계·장비","500","38666","053590","한국테크놀로지"
"303","071930","에이스하이텍","KOSDAQ","주권","보통주","2004/01/16","2015/07/10","감사의견거절(감사범위 제한)","2015/07/01","2015/07/09","반도체","500","42932794",,
"304","033630","SK브로드밴드","KOSDAQ","주권","보통주","1998/11/12","2015/07/01","상장폐지신청('15.6.11)",,,"통신서비스","5000","295959087",,
"305","192520","경남은행","KOSPI","주권","보통주","2014/05/22","2015/06/23","지주회사(최대주주등)의 완전자회사화 등",,,"은행","5000","78420912",,
"306","177350","베셀","KONEX","주권","보통주","2013/07/01","2015/06/19","코스닥시장 이전상장",,,"-","500","3489655","177350","베셀"
"307","066350","티에스엠텍","KOSDAQ","주권","보통주","2003/01/21","2015/05/20","발행한 어음 또는 수표가 주거래은행에 의하여 최종부도로 결정되거나 거래은행에 의한 거래정지","2015/05/11","2015/05/19","기계·장비","500","10837669",,
"308","039530","씨앤케이인터","KOSDAQ","주권","보통주","2000/03/21","2015/05/19","기업의 계속성 및 경영의 투명성 등을 종합적으로 고려하여 상장폐지기준에 해당한다고 결정","2015/05/08","2015/05/18","금속","500","56451442",,
"309","039850","태창파로스","KOSDAQ","주권","보통주","2000/07/11","2015/05/19","기업의 계속성 및 경영의 투명성 등을 종합적으로 고려하여 상장폐지기준에 해당한다고 결정","2015/05/08","2015/05/18","유통","500","29584271",,
"310","090120","잘만테크","KOSDAQ","주권","보통주","2007/05/22","2015/05/13","감사의견 거절(계속기업 존속능력에 대한 불확실성 및 감사범위 제한)","2015/04/30","2015/05/12","IT부품","500","32208457",,
"311","065180","해피드림","KOSDAQ","주권","보통주","2002/06/18","2015/05/04","감사범위제한으로 인한 한정의견","2015/04/22","2015/04/30","유통","500","40870235",,
"312","179280","스탠다드펌","KONEX","주권","보통주","2013/07/01","2015/04/30","감사의견 거절(감사범위 제한 및 계속기업 존속능력에 대한 불확실성)","2015/04/21","2015/04/29","-","500","6600000",,
"313","160350","웹솔루스","KONEX","주권","보통주","2013/07/01","2015/04/30","감사의견 거절(감사범위 제한 및 계속기업 존속능력에 대한 불확실성)","2015/04/21","2015/04/29","-","500","6014000",,
"314","053330","영진코퍼레이션","KOSDAQ","주권","보통주","2001/11/01","2015/04/23","자본전액잠식","2015/04/14","2015/04/22","기계·장비","500","23344810",,
"315","000800","경남기업","KOSPI","주권","보통주","1973/02/12","2015/04/15","자본전액잠식","2015/04/06","2015/04/14","건설업","5000","35803128",,
"316","000360","삼환기업","KOSPI","주권","보통주","1973/09/03","2015/04/15","자본전액잠식","2015/04/06","2015/04/14","건설업","5000","8868035",,
"317","000365","삼환기업우","KOSPI","주권","구형우선주","1989/10/27","2015/04/15","자본전액잠식","2015/04/06","2015/04/14","건설업","5000","1087434",,
"318","004367","세방2우B","KOSPI","주권","신형우선주","2005/03/31","2015/04/15","존속기간 만료",,,"운수창고업","500","2508690","004360","세방"
"319","014350","신일건업","KOSPI","주권","보통주","1989/11/11","2015/04/15","자본전액잠식","2015/04/06","2015/04/14","건설업","5000","1474575",,
"320","181980","힘스인터내셔널","KONEX","주권","보통주","2013/08/14","2015/04/15","상장폐지 신청('15.03.23)",,,"-","500","1600000",,
"321","004320","울트라건설","KOSDAQ","주권","보통주","1991/12/06","2015/04/13","자본전액잠식","2015/04/02","2015/04/10","건설","5000","6681631",,
"322","004325","울트라건설우","KOSDAQ","주권","신형우선주","2001/01/22","2015/04/13","자본전액잠식","2015/04/02","2015/04/10","건설","5000","1400000",,
"323","101970","우양에이치씨","KOSDAQ","주권","보통주","2012/07/26","2015/03/17","발행한 어음 또는 수표가 주거래은행에 의하여 최종부도로 결정되거나 거래은행에 의한 거래 정지","2015/03/06","2015/03/16","금속","500","25735667",,
"324","082240","아시아5호","KOSPI","선박투자회사","보통주","2005/03/16","2015/03/13","신청에 의한 상장폐지",,,"서비스업","5000","3119040",,
"325","082250","아시아6호","KOSPI","선박투자회사","보통주","2005/03/16","2015/03/13","신청에 의한 상장폐지",,,"서비스업","5000","3119040",,
"326","082260","아시아7호","KOSPI","선박투자회사","보통주","2005/03/16","2015/03/13","신청에 의한 상장폐지",,,"서비스업","5000","3119040",,
"327","149130","케이비부국위탁리츠","KOSPI","부동산투자회사","보통주","2012/06/12","2015/03/02","감사의견 부적정","2015/02/16","2015/02/27","서비스업","5000","3200000",,
"328","000420","로케트전기","KOSPI","주권","보통주","1988/08/05","2015/02/24","감사의견 의견거절","2015/02/10","2015/02/23","전기전자","500","59119277",,
"329","000425","로케트전우","KOSPI","주권","구형우선주","1989/09/23","2015/02/24","감사의견 의견거절","2015/02/10","2015/02/23","전기전자","500","1063770",,
"330","081930","아시아8호","KOSPI","선박투자회사","보통주","2005/02/15","2015/02/17","신청에 의한 상장폐지",,,"서비스업","5000","2431640",,
"331","053740","국제엘렉트릭","KOSDAQ","주권","보통주","2003/03/21","2015/02/10","상장폐지 신청('15.01.15)","2015/01/30","2015/02/09","반도체","500","9852000",,
"332","032420","터보테크","KOSDAQ","주권","보통주","1997/04/22","2015/01/27","기업의 계속성 및 경영의 투명성 등을 종합적으로 고려하여 상장폐지기준에 해당한다고 결정","2015/01/16","2015/01/26","유통","500","8493635",,
"333","091690","디지텍시스템","KOSDAQ","주권","보통주","2007/07/04","2015/01/21","감사의견 거절(감사범위 제한 및 계속기업 존속능력에 대한 불확실성)","2015/01/12","2015/01/20","IT부품","500","15018476",,
"334","016420","NH농협증권","KOSPI","주권","보통주","1988/03/28","2015/01/20","해산 사유 발생",,,"증권","5000","120125029",,
"335","081210","아시아4호","KOSPI","선박투자회사","보통주","2005/01/28","2015/01/20","존속기간 만료",,,"서비스업","5000","1320900",,
"336","003640","유니온스틸","KOSPI","주권","보통주","1973/06/30","2015/01/16","해산 사유 발생",,,"철강금속","5000","10355482",,
"337","090540","코크렙8호","KOSPI","부동산투자회사","보통주","2006/06/15","2015/01/16","해산 사유 발생",,,"서비스업","5000","9200000",,
"338","012335","현대모비스우","KOSPI","주권","구형우선주","1994/11/21","2015/01/16","종류주식 상장주식수 미달 2반기 계속 및 종류주식 거래량요건 미충족(월평균거래량 1만주 미만) 2반기 계속",,,"운수장비","5000","3974","012330","현대모비스"
"339","003457","현대증권2우B","KOSPI","주권","신형우선주","2012/01/11","2015/01/13","존속기간 만료",,,"증권","5000","66612530",,
"340","081940","아시아9호","KOSPI","선박투자회사","보통주","2005/03/16","2015/01/08","존속기간 만료",,,"서비스업","5000","2671730",,
"341","950100","SBI모기지","KOSPI","주식예탁증권","보통주","2012/04/30","2015/01/07","신청에 의한 상장폐지","2014/12/24","2015/01/06","기타금융","무액면","23741000",,
"342","008720","삼양엔텍","KOSPI","주권","보통주","1976/06/26","2014/12/30","해산 사유 발생",,,"기계","5000","1235520",,
"343","124500","아이티센","KONEX","주권","보통주","2013/07/01","2014/12/23","코스닥시장 이전상장",,,"-","500","3261520","124500","아이티센"
"344","081200","아시아3호","KOSPI","선박투자회사","보통주","2005/01/04","2014/12/22","존속기간 만료",,,"서비스업","5000","1879635",,
"345","081190","아시아2호","KOSPI","선박투자회사","보통주","2004/12/27","2014/12/18","존속기간 만료",,,"서비스업","5000","1879635",,
"346","149980","하이로닉","KONEX","주권","보통주","2013/07/01","2014/12/17","코스닥시장 이전상장",,,"-","500","2197229","149980","하이로닉"
"347","084650","랩지노믹스","KONEX","주권","보통주","2013/07/01","2014/12/16","코스닥시장 상장",,,"-","500","3703776","084650","랩지노믹스"
"348","053000","우리금융","KOSPI","주권","보통주","2002/06/24","2014/11/19","해산 사유 발생",,,"기타금융","5000","676278371",,
"349","187770","판타지오","KONEX","주권","보통주","2013/12/12","2014/11/10","피흡수합병",,,"-","500","2606839",,
"350","182690","테라셈","KONEX","주권","보통주","2013/10/11","2014/10/30","코스닥시장 상장",,,"-","500","12112340","182690","테라셈"
"351","139170","퓨얼셀","KONEX","주권","보통주","2013/07/01","2014/10/30","피흡수합병",,,"-","500","3333330",,
"352","119250","에프지엔개발리츠","KOSPI","부동산투자회사","보통주","2010/05/03","2014/10/29","기업의 계속성, 경영의 투명성 및 기타 공익과 투자자 보호 등을 종합적으로 고려하여 상장폐지 기준에 해당한다고 결정","2014/10/20","2014/10/28","서비스업","500","53624900",,
"353","041920","메디아나","KONEX","주권","보통주","2013/07/01","2014/10/07","코스닥시장 상장",,,"-","500","5737580","041920","메디아나"
"354","013340","AJS","KOSDAQ","주권","보통주","1989/09/06","2014/09/02","감사의견거절(감사범위 제한 및 계속기업 존속능력에 대한 불확실성)","2014/08/22","2014/09/01","금속","500","40247452",,
"355","046400","디브이에스","KOSDAQ","주권","보통주","2002/10/01","2014/09/02","감사의견거절(감사범위제한)","2014/08/22","2014/09/01","정보기기","500","18534414",,
"356","110500","유니드코리아","KOSDAQ","주권","보통주","2011/06/17","2014/09/02","감사의견 거절(계속기업 존속능력에 대한 불확실성)","2014/08/22","2014/09/01","기계·장비","500","9027000",,
"357","002797","아모레G2우B","KOSPI","주권","신형우선주","2006/12/27","2014/08/19","종류주식 거래량요건 미충족(월평균거래량 1만주 미만) 2반기 계속",,,"서비스업","5000","266720","002790","아모레퍼시픽그룹"
"358","059120","아진엑스텍","KONEX","주권","보통주","2013/07/01","2014/07/24","코스닥시장 상장",,,"-","500","4600000","059120","아진엑스텍"
"359","070480","에버테크노","KOSDAQ","주권","보통주","2007/05/22","2014/07/17","감사의견 거절(감사범위 제한 및 계속기업 존속능력에 대한 불확실성","2014/07/08","2014/07/16","기계·장비","500","2625317",,
"360","000685","LS네트웍스우","KOSPI","주권","구형우선주","1994/09/22","2014/07/15","종류주식 상장주식수 미달 2반기 계속",,,"유통업","5000","15284","000680","LS네트웍스"
"361","002365","SH에너지화학우","KOSPI","주권","구형우선주","1990/02/21","2014/07/15","종류주식 상장주식수 미달 2반기 계속",,,"화학","500","6220","002360","SH에너지화학"
"362","006375","대구백화우","KOSPI","주권","구형우선주","1995/01/21","2014/07/15","종류주식 상장주식수 미달 2반기 계속",,,"유통업","5000","4282","006370","대구백화점"
"363","008975","동양철관우","KOSPI","주권","구형우선주","1994/11/22","2014/07/15","종류주식 상장주식수 미달 2반기 계속",,,"철강금속","500","23190","008970","동양철관"
"364","003965","사조대림우","KOSPI","주권","구형우선주","1995/02/21","2014/07/15","종류주식 상장주식수 미달 2반기 계속",,,"음식료품","5000","3780","003960","사조대림"
"365","013005","세우글로벌우","KOSPI","주권","구형우선주","1995/02/21","2014/07/15","종류주식 상장주식수 미달 2반기 계속",,,"유통업","500","4634","013000","세우글로벌"
"366","001300","제일모직","KOSPI","주권","보통주","1975/05/15","2014/07/15","해산 사유 발생",,,"화학","5000","52437651",,
"367","007195","한솔아트원제지우","KOSPI","주권","구형우선주","1988/08/20","2014/07/15","종류주식 상장주식수 미달 2반기 계속",,,"종이목재","1000","22505",,
"368","004965","한신공영우","KOSPI","주권","구형우선주","1989/12/22","2014/07/15","종류주식 상장주식수 미달 2반기 계속",,,"건설업","5000","3572","004960","한신공영"
"369","080180","아시아1호","KOSPI","선박투자회사","보통주","2004/10/15","2014/07/10","신청에 의한 상장폐지",,,"서비스업","5000","4564950",,
"370","082930","실리콘화일","KOSDAQ","주권","보통주","2008/04/25","2014/05/23","상장폐지신청('14.04.22)",,,"반도체","500","8444276",,
"371","056340","CU전자","KOSDAQ","주권","보통주","2002/11/08","2014/05/21","최종부도 발생","2014/05/12","2014/05/20","IT부품","500","52536146",,
"372","101990","파브코","KOSPI","주권","보통주","2008/06/09","2014/05/21","해산 사유 발생",,,"운수장비","500","21000000",,
"373","041060","아라온테크","KOSDAQ","주권","보통주","2000/06/07","2014/05/08","감사의견 거절(감사범위 제한 및 계속기업 존속능력에 대한 불확실성)","2014/04/24","2014/05/07","기계·장비","500","22527322",,
"374","080980","동북아5호","KOSPI","선박투자회사","보통주","2004/12/29","2014/04/25","신청에 의한 상장폐지",,,"서비스업","5000","4102600",,
"375","005900","동양건설","KOSPI","주권","보통주","1974/08/26","2014/04/25","자본전액잠식","2014/04/16","2014/04/24","건설업","5000","12449333",,
"376","002530","벽산건설","KOSPI","주권","보통주","1975/06/30","2014/04/25","공시서류 미제출(사업보고서) 후 10일이내 미제출","2014/04/16","2014/04/24","건설업","5000","13627816",,
"377","002535","벽산건설우","KOSPI","주권","구형우선주","1989/12/23","2014/04/25","공시서류 미제출(사업보고서) 후 10일이내 미제출","2014/04/16","2014/04/24","건설업","5000","3192",,
"378","067250","STX조선해양","KOSPI","주권","보통주","2003/10/27","2014/04/15","자본전액잠식","2014/04/04","2014/04/14","운수장비","2500","696775595",,
"379","010460","화인자산관리","KOSPI","주권","보통주","1988/09/15","2014/04/15","보통주 주식분포요건 미충족 2년 계속","2014/04/04","2014/04/14","기타금융","5000","9523214",,
"380","010670","나노트로닉스","KOSDAQ","주권","보통주","1996/05/14","2014/04/11","기업의 계속성 및 경영의 투명성 등을 종합적으로 고려하여 상장폐지기준에 해당","2014/04/02","2014/04/10","의료·정밀기기","500","18461530",,
"381","110310","모린스","KOSDAQ","주권","보통주","2009/09/25","2014/04/11","자본전액잠식 등","2014/04/02","2014/04/10","IT부품","500","14122162",,
"382","012650","쌍용건설","KOSDAQ","주권","보통주","1993/01/28","2014/04/11","자본전액잠식 등","2014/04/02","2014/04/10","건설","5000","14609060",,
"383","036210","태산엘시디","KOSDAQ","주권","보통주","1999/11/16","2014/04/11","자본전액잠식등","2014/04/02","2014/04/10","IT부품","500","21405999",,
"384","005560","JS전선","KOSPI","주권","보통주","2007/11/12","2014/04/10","신청에 의한 상장폐지","2014/04/01","2014/04/09","전기전자","5000","11378640",,
"385","074000","엠텍비젼","KOSDAQ","주권","보통주","2004/01/06","2014/03/27","최근 5사업연도 연속 영업손실 발생 등","2014/03/18","2014/03/26","반도체","500","7596566",,
"386","004790","렉스엘이앤지","KOSDAQ","주권","보통주","1995/12/23","2014/03/04","기업의 계속성, 경영의 투명성 또는 기타 코스닥시장의 건전성 등을 종합적으로 고려하여 상장폐지가 필요하다고 인정","2014/02/21","2014/03/03","통신장비","500","2577029",,
"387","081220","세미텍","KOSDAQ","주권","보통주","2008/05/23","2014/03/03","피흡수합병",,,"반도체","500","10295703",,
"388","080970","동북아4호","KOSPI","선박투자회사","보통주","2004/12/29","2014/02/18","신청에 의한 상장폐지",,,"서비스업","5000","4102600",,
"389","080960","동북아3호","KOSPI","선박투자회사","보통주","2004/12/29","2014/02/11","신청에 의한 상장폐지",,,"서비스업","5000","4102600",,
"390","053320","테라리소스","KOSDAQ","주권","보통주","2002/01/04","2014/02/07","기업의 계속성 및 경영의 투명성 등을 종합적으로 고려하여 상장폐지기준에 해당","2014/01/27","2014/02/06","유통","100","241135466",,
"391","003417","쌍용양회2우B","KOSPI","주권","신형우선주","1998/04/16","2014/01/14","종류주식 시가총액 미달",,,"비금속광물","5000","15124","003410","쌍용양회공업"
"392","012805","대창우","KOSPI","주권","구형우선주","1995/01/21","2014/01/13","종류주식 시가총액 미달",,,"철강금속","500","2140","012800","대창"
"393","00341A","쌍용양회4우B","KOSPI","주권","신형우선주","2000/01/12","2014/01/13","기업의 계속성, 경영의 투명성 및 기타 공익과 투자자 보호 등을 종합적으로 고려하여 상장폐지 기준에 해당한다고 결정",,,"비금속광물","5000","1250000","003410","쌍용양회공업"
"394","00341D","쌍용양회5우B","KOSPI","주권","신형우선주","2000/11/15","2014/01/13","기업의 계속성, 경영의 투명성 및 기타 공익과 투자자 보호 등을 종합적으로 고려하여 상장폐지 기준에 해당한다고 결정",,,"비금속광물","5000","3910050","003410","쌍용양회공업"
"395","028305","에이치엘비우","KOSDAQ","주권","신형우선주","2002/10/10","2014/01/07","종류주식 시가총액 미달","2013/12/24","2014/01/06","일반전기전자","500","3333","028300","에이치엘비"
"396","017555","수산중공우","KOSPI","주권","구형우선주","1992/02/21","2014/01/02","종류주식 시가총액 미달",,,"기계","500","1020","017550","수산중공업"
"397","007595","동방아그우","KOSPI","주권","구형우선주","1995/03/21","2013/12/12","종류주식 시가총액 미달",,,"화학","500","250","007590","동방아그로"
"398","009815","고려포리머우","KOSPI","주권","구형우선주","1990/01/22","2013/12/10","종류주식 시가총액 미달",,,"유통업","500","173","009810","엔케이물산"
"399","001385","SG충남방적우","KOSPI","주권","구형우선주","1995/03/21","2013/12/09","종류주식 시가총액 미달",,,"섬유의복","500","110","001380","SG충방"
"400","900060","중국식품포장","KOSDAQ","외국주권","보통주","2009/03/27","2013/10/11","상장폐지신청('13.09.06)","2013/09/30","2013/10/10","기타서비스","2","23615669",,
"401","950070","중국고섬","KOSPI","주식예탁증권","보통주","2011/01/25","2013/10/04","감사의견 의견거절","2013/09/24","2013/10/02","서비스업","무액면","30000000",,
"402","008080","에스와이코퍼레이션","KOSPI","주권","보통주","1987/12/21","2013/09/25","신청에 의한 상장폐지","2013/09/11","2013/09/24","의료정밀","500","100000",,
"403","049000","예당","KOSDAQ","주권","보통주","2001/01/03","2013/09/10","기업의 계속성 및 경영의 투명성 등을 종합적으로 고려하여 상장폐지기준에 해당","2013/08/30","2013/09/09","오락·문화","100","91794837",,
"404","056810","위다스","KOSDAQ","주권","보통주","2002/01/15","2013/09/10","의견거절(감사범위 제한)","2013/08/30","2013/09/09","통신장비","500","7131053",,
"405","080030","동북아2호","KOSPI","선박투자회사","보통주","2004/10/22","2013/08/19","신청에 의한 상장폐지",,,"서비스업","5000","3162200",,
"406","035450","지아이바이오","KOSDAQ","주권","보통주","1999/11/11","2013/08/07","감사의견거절(감사범위 제한 및 계속기업으로서의 존속능력에 대한 불확실성)","2013/07/29","2013/08/06","컴퓨터서비스","500","25902663",,
"407","126680","IBKS스팩1호","KOSDAQ","주권","보통주","2010/12/22","2013/07/29","상장예비심사 청구서 미제출로 관리종목 지정 후 1개월 이내 동 사유 미해소","2013/07/18","2013/07/26","금융","500","20880000",,
"408","037630","에스비엠","KOSDAQ","주권","보통주","1999/12/24","2013/07/24","감사의견거절(감사범위 제한 및 계속기업으로서의 존속능력에 대한 불확실성)","2013/07/15","2013/07/23","정보기기","500","14840339",,
"409","006350","전북은행","KOSPI","주권","보통주","1972/03/22","2013/07/18","지주회사의 완전자회사화(지주회사 신규상장)",,,"은행","5000","66824362",,
"410","128910","동부티에스블랙펄스팩","KOSDAQ","주권","보통주","2010/12/08","2013/07/15","상장예비심사 청구서 미제출로 관리종목 지정 후 1개월 이내 동 사유 미해소","2013/07/04","2013/07/12","금융","100","12300000",,
"411","073930","제너시스템즈","KOSDAQ","주권","보통주","2008/03/26","2013/07/12","자본전액잠식","2013/07/03","2013/07/11","소프트웨어","500","12770974",,
"412","025920","우경","KOSDAQ","주권","보통주","1995/08/07","2013/07/10","감사의견거절(감사범위 제한)","2013/07/01","2013/07/09","금속","500","20052060",,
"413","036585","팜스코우B","KOSPI","주권","신형우선주","1999/10/25","2013/06/14","존속기간 만료",,,"음식료품","500","1121763","036580","팜스코"
"414","900010","3노드디지탈","KOSDAQ","외국주권","보통주","2007/08/17","2013/06/05","상장폐지 신청('13.05.08)","2013/05/27","2013/06/04","기타서비스","0.1","60190178",,
"415","012410","글로스텍","KOSPI","주권","보통주","1989/09/29","2013/06/04","감사의견 의견거절","2013/05/24","2013/06/03","유통업","500","15360536",,
"416","123300","부국퓨쳐스타즈스팩","KOSDAQ","주권","보통주","2010/10/29","2013/06/03","상장예비심사 청구서 미제출로 관리종목 지정 후 1개월 이내 동 사유 미해소","2013/05/23","2013/05/31","금융","500","6670000",,
"417","013365","일성건설우B","KOSPI","주권","신형우선주","2003/01/07","2013/05/15","존속기간 만료",,,"건설업","5000","581676","013360","일성건설"
"418","033550","룩손에너지","KOSDAQ","주권","보통주","1998/01/13","2013/05/07","감사의견거절(감사범위 제한 및 계속기업으로서의 존속능력에 대한 불확실성)","2013/04/25","2013/05/06","유통","500","17310645",,
"419","036920","지앤에스티","KOSDAQ","주권","보통주","1999/12/21","2013/05/07","감사의견거절(감사범위 제한)","2013/04/25","2013/05/06","유통","500","13322977",,
"420","088700","마이스코","KOSDAQ","주권","보통주","2008/01/25","2013/05/04","감사의견거절(계속기업으로서의 존속능력에 대한 불확실성)","2013/04/24","2013/05/03","금속","500","12583608",,
"421","028090","네오퍼플","KOSDAQ","주권","보통주","1996/11/29","2013/05/03","감사의견거절(감사범위 제한 및 계속기업으로서의 존속능력에 대한 불확실성)","2013/04/23","2013/05/02","유통","500","21896328",,
"422","003190","알앤엘바이오","KOSPI","주권","보통주","1976/06/30","2013/05/03","감사의견 의견거절","2013/04/23","2013/05/02","의약품","500","102002775",,
"423","051710","디에스","KOSDAQ","주권","보통주","2004/06/18","2013/05/01","감사의견거절(감사범위 제한 및 계속기업으로서의 존속능력에 대한 불확실성)","2013/04/22","2013/04/30","IT부품","500","22216600",,
"424","009010","에듀언스","KOSDAQ","주권","보통주","1993/12/29","2013/05/01","감사의견거절(감사범위 제한 및 계속기업으로서의 존속능력에 대한 불확실성)","2013/04/22","2013/04/30","기타서비스","500","2416942",,
"425","038720","유일엔시스","KOSDAQ","주권","보통주","2001/01/18","2013/05/01","감사의견 부적정","2013/04/22","2013/04/30","IT부품","500","19538631",,
"426","046840","자유투어","KOSDAQ","주권","보통주","2001/07/10","2013/05/01","감사의견거절(감사범위 제한) ","2013/04/22","2013/04/30","기타서비스","500","66759374",,
"427","004940","외환은행","KOSPI","주권","보통주","1994/04/04","2013/04/26","신청에 의한 상장폐지",,,"은행","5000","644906826",,
"428","013780","아큐텍","KOSDAQ","주권","보통주","1997/08/18","2013/04/23","기업의 계속성, 경영의 투명성 또는 기타 코스닥시장의 건전성 등을 종합적으로 고려하여 상장폐지가 필요하다고 인정","2013/04/12","2013/04/22","반도체","500","12073964",,
"429","071530","유에이블","KOSDAQ","주권","보통주","2004/02/17","2013/04/23","기업의 계속성, 경영의 투명성 또는 기타 코스닥시장의 건전성 등을 종합적으로 고려하여 상장폐지가 필요하다고 인정","2013/04/12","2013/04/22","유통","500","23975047",,
"430","009280","다함이텍","KOSPI","주권","보통주","1988/09/27","2013/04/16","매출액 미달(50억원 미만) 2년 계속","2013/04/05","2013/04/15","서비스업","5000","3986493",,
"431","006440","한일건설","KOSPI","주권","보통주","1993/01/30","2013/04/16","자본전액잠식","2013/04/05","2013/04/15","건설업","5000","34422966",,
"432","026250","삼우이엠씨","KOSDAQ","주권","보통주","1995/11/04","2013/04/12","자본전액잠식","2013/04/03","2013/04/11","금속","500","33715545",,
"433","052650","이디디컴퍼니","KOSDAQ","주권","보통주","2001/12/18","2013/04/12","반기 재무제표에 대한 검토의견거절로 관리종목 지정후 자본잠식률 50% 이상","2013/04/03","2013/04/11","통신장비","500","12472000",,
"434","066060","휴먼텍코리아","KOSDAQ","주권","보통주","2002/08/16","2013/04/12","자본전액잠식","2013/04/03","2013/04/11","기타서비스","500","30000000",,
"435","093400","코리아05호","KOSPI","선박투자회사","보통주","2007/01/22","2013/04/10","감사의견 의견거절","2013/04/01","2013/04/09","서비스업","5000","1502368",,
"436","093410","코리아06호","KOSPI","선박투자회사","보통주","2007/01/22","2013/04/10","감사의견 의견거절","2013/04/01","2013/04/09","서비스업","5000","3331448",,
"437","099210","코리아07호","KOSPI","선박투자회사","보통주","2008/01/07","2013/04/10","감사의견 의견거절","2013/04/01","2013/04/09","서비스업","5000","5042916",,
"438","068420","엔터기술","KOSDAQ","주권","보통주","2003/07/01","2013/04/06","기업의 계속성, 경영의 투명성 또는 기타 코스닥시장의 건전성 등을 종합적으로 고려하여 상장폐지가 필요하다고 인정","2013/03/28","2013/04/05","일반전기전자","500","16297923",,
"439","123550","대신증권그로쓰스팩","KOSDAQ","주권","보통주","2010/08/24","2013/03/29","상장예비심사 청구서 미제출로 관리종목 지정 후 1개월 이내 동 사유 미해소","2013/03/20","2013/03/28","금융","1000","10960000",,
"440","123910","에스비아이앤솔로몬스팩","KOSDAQ","주권","보통주","2010/08/24","2013/03/29","상장예비심사 청구서 미제출로 관리종목 지정 후 1개월 이내 동 사유 미해소","2013/03/20","2013/03/28","금융","500","17000000",,
"441","123290","한국스팩1호","KOSDAQ","주권","보통주","2010/08/24","2013/03/29","상장예비심사 청구서 미제출로 관리종목 지정 후 1개월 이내 동 사유 미해소","2013/03/20","2013/03/28","금융","200","11290000",,
"442","016570","태평양제약","KOSPI","주권","보통주","1988/09/22","2013/03/15","신청에 의한 상장폐지",,,"의약품","5000","2108947",,
"443","016575","태평양제우","KOSPI","주권","구형우선주","1989/10/13","2013/03/15","신청에 의한 상장폐지",,,"의약품","5000","220000",,
"444","031920","신민저축은행","KOSDAQ","주권","보통주","1996/12/23","2013/02/27","2반기 연속 자본잠식률 50%이상","2013/02/18","2013/02/26","금융","5000","2436000",,
"445","034010","트라이써클","KOSDAQ","주권","보통주","2000/04/27","2013/02/21","기업의 계속성, 경영의 투명성 또는 기타 코스닥시장의 건전성 등을 종합적으로 고려하여 상장폐지가 필요하다고 인정","2013/02/12","2013/02/20","기타서비스","500","16146288",,
"446","124050","한화SV스팩1호","KOSDAQ","주권","보통주","2010/07/09","2013/02/15","상장예비심사 청구서 미제출로 관리종목 지정후 1개월 이내 동 사유 미해소","2013/02/05","2013/02/14","금융","100","4200000",,
"447","038120","AD모터스","KOSDAQ","주권","보통주","2000/08/24","2013/01/30","기업의 계속성, 경영의 투명성 또는 기타 코스닥시장의 건전성 등을 종합적으로 고려하여 상장폐지가 필요하다고 인정","2013/01/21","2013/01/29","운송장비·부품","100","92937260",,
"448","007480","대한은박지","KOSPI","주권","보통주","1991/08/30","2013/01/28","해산 사유 발생",,,"철강금속","500","61895859",,
"449","009385","아세아페우B","KOSPI","주권","신형우선주","2004/03/09","2013/01/23","해산 사유 발생",,,"종이목재","5000","2445531",,
"450","009380","아세아페이퍼텍","KOSPI","주권","보통주","1995/08/18","2013/01/23","해산 사유 발생",,,"종이목재","5000","6846807",,
"451","004010","롯데미도파","KOSPI","주권","보통주","1975/12/12","2013/01/22","해산 사유 발생",,,"유통업","5000","65148322",,
"452","014300","선진지주","KOSPI","주권","보통주","1994/01/14","2013/01/18","해산 사유 발생",,,"음식료품","5000","1386000",,
"453","123160","히든챔피언스팩1호","KOSDAQ","주권","보통주","2010/06/11","2013/01/18","상장예비심사 청구서 미제출로 관리종목 지정후 1개월 이내 동 사유 미해소","2013/01/09","2013/01/17","금융","1000","16100000",,
"454","064420","케이피케미칼","KOSPI","주권","보통주","2002/06/21","2013/01/15","해산 사유 발생",,,"화학","5000","98337782",,
"455","122750","우리스팩1호","KOSPI","주권","보통주","2010/05/11","2012/12/21","SPAC 상장예비심사청구서 미제출 등","2012/12/11","2012/12/20","기타금융","5000","3980000",,
"456","015110","중앙건설","KOSPI","주권","보통주","1994/11/05","2012/12/11","보통주 주가수준미달","2012/11/30","2012/12/10","건설업","5000","6589747",,
"457","046430","알에스넷","KOSDAQ","주권","보통주","2002/05/23","2012/12/05","기업의 계속성, 경영의 투명성 또는 기타 코스닥시장의 건전성 등을 종합적으로 고려하여 상장폐지가 필요하다고 인정","2012/11/26","2012/12/04","유통","500","29971492",,
"458","045050","큐리어스","KOSDAQ","주권","보통주","2001/08/02","2012/11/27","기업의 계속성, 경영의 투명성 또는 기타 코스닥시장의 건전성 등을 종합적으로 고려하여 상장폐지가 필요하다고 인정","2012/11/16","2012/11/26","정보기기","500","29520523",,
"459","047730","넷웨이브","KOSDAQ","주권","보통주","2001/05/10","2012/11/17","기업의 계속성 및 경영의 투명성 등을 종합적으로 고려하여 상장폐지 기준에 해당한다고 결정","2012/11/08","2012/11/16","통신장비","500","17279461",,
"460","042820","어울림 네트","KOSDAQ","주권","보통주","2000/07/11","2012/11/17","기업의 계속성 및 경영의 투명성 등을 종합적으로 고려하여 상장폐지 기준에 해당한다고 결정","2012/11/08","2012/11/16","통신장비","100","34396517",,
"461","048460","엑큐리스","KOSDAQ","주권","보통주","2000/12/14","2012/11/16","피흡수합병",,,"IT부품","500","43582976",,
"462","026870","코원에너지서비스","KOSPI","주권","보통주","1995/12/21","2012/11/15","신청에 의한 상장폐지","2012/11/06","2012/11/14","전기가스업","5000","9700000",,
"463","122290","동양밸류스팩","KOSPI","주권","보통주","2010/03/25","2012/11/07","SPAC 상장예비심사청구서 미제출 등","2012/10/29","2012/11/06","기타금융","500","4940000",,
"464","038990","넥스콘테크","KOSDAQ","주권","보통주","2000/05/23","2012/11/01","상장폐지신청('12.10.09)","2012/10/23","2012/10/31","IT부품","500","17495128",,
"465","035210","티브로드도봉강북방송","KOSDAQ","주권","보통주","1999/08/27","2012/11/01","상장폐지신청('12.09.26)","2012/10/23","2012/10/31","방송서비스","500","21382500",,
"466","043890","한빛방송","KOSDAQ","주권","보통주","2000/08/10","2012/11/01","상장폐지 신청('12.09.26)","2012/10/23","2012/10/31","방송서비스","5000","14034252",,
"467","121950","미래에셋스팩1호","KOSDAQ","주권","보통주","2010/03/12","2012/10/23","상장예비심사 청구서 미제출로 관리종목 지정후 1개월 이내 동 사유 미해소","2012/10/12","2012/10/22","금융","500","13933334",,
"468","016560","서울저축은행","KOSPI","주권","보통주","1996/11/19","2012/10/17","자본잠식(자본금의 50/100이상 잠식) 2년 계속","2012/10/08","2012/10/16","기타금융","5000","76536000",,
"469","007200","진흥저축은행","KOSPI","주권","보통주","1985/04/09","2012/10/17","자본전액잠식","2012/10/08","2012/10/16","기타금융","5000","35000000",,
"470","121910","대우증권스팩","KOSPI","주권","보통주","2010/03/03","2012/10/15","SPAC 상장예비심사청구서 미제출 등","2012/10/04","2012/10/12","기타금융","1000","27007000",,
"471","016140","웨스테이트","KOSDAQ","주권","보통주","1994/03/18","2012/10/12","상장폐지신청('12.09.12)","2012/10/02","2012/10/11","숙박·음식","1000","5000000",,
"472","073130","인스프리트","KOSDAQ","주권","보통주","2005/01/19","2012/10/12","자본잠식률 50% 이상으로 관리종목 지정 이후 최근 반기의 재무제표에 대한 감사인의 감사의견거절 등","2012/10/02","2012/10/11","소프트웨어","500","39085276",,
"473","071660","SSCP","KOSDAQ","주권","보통주","2005/10/18","2012/09/29","최종부도 발생","2012/09/20","2012/09/28","화학","500","40781382",,
"474","900150","성융광전투자","KOSDAQ","외국주권","보통주","2010/09/15","2012/09/26","감사의견거절(감사범위 제한 및 계속기업존속능력 불확실성)","2012/09/17","2012/09/25","기타서비스","1","80290358",,
"475","050050","유아이에너지","KOSDAQ","주권","보통주","2000/12/21","2012/09/26","자본전액잠식","2012/09/17","2012/09/25","컴퓨터서비스","500","41562219",,
"476","034510","무한투자","KOSDAQ","주권","보통주","2000/04/14","2012/09/25","시가총액 40억원 미달","2012/09/14","2012/09/24","금융","500","10104638",,
"477","900030","연합과기","KOSPI","외국주권","보통주","2008/12/04","2012/09/14","감사의견 의견거절","2012/09/05","2012/09/13","서비스업","5","20000000",,
"478","007150","동양텔레콤","KOSDAQ","주권","보통주","2000/07/25","2012/09/11","2회 연속 자본잠식률 50%이상","2012/08/31","2012/09/10","통신장비","500","89305510",,
"479","033280","어울림엘시스","KOSDAQ","주권","보통주","1997/11/10","2012/09/11","2반기 연속 자본잠식률 50%이상","2012/08/31","2012/09/10","소프트웨어","100","24632684",,
"480","038320","어울림정보","KOSDAQ","주권","보통주","2002/04/23","2012/09/08","2반기 연속 자본잠식률 50%이상","2012/08/30","2012/09/07","소프트웨어","100","23488731",,
"481","019260","엔케이바이오","KOSDAQ","주권","보통주","1996/01/04","2012/09/05","기업의 계속성, 경영의 투명성 또는 기타 코스닥시장의 건전성 등을 종합적으로 고려하여 상장폐지 기준에 해당한다고 결정","2012/08/27","2012/09/04","제약","1000","68637280",,
"482","011800","배명금속","KOSPI","주권","보통주","1990/07/14","2012/09/03","최종부도발생","2012/08/23","2012/08/31","철강금속","500","103594415",,
"483","105070","금강제강","KOSDAQ","주권","보통주","2010/02/02","2012/08/14","최종부도 발생","2012/08/03","2012/08/13","금속","500","6792000",,
"484","045260","디에이치패션","KOSDAQ","주권","보통주","2001/11/08","2012/08/01","기업의 계속성, 경영의 투명성 또는 기타 코스닥시장의 건전성 등을 종합적으로 고려하여 상장폐지가 필요하다고 인정","2012/07/23","2012/07/31","유통","500","56463998",,
"485","007800","솔로몬저축은행","KOSPI","주권","보통주","1996/11/19","2012/07/25","기업의 계속성, 경영의 투명성 및 기타 공익과 투자자 보호 등을 종합적으로 고려하여 상장폐지 기준에 해당한다고 결정","2012/07/16","2012/07/24","기타금융","5000","22802040",,
"486","025610","한국저축은행","KOSPI","주권","보통주","1995/03/17","2012/07/25","기업의 계속성, 경영의 투명성 및 기타 공익과 투자자 보호 등을 종합적으로 고려하여 상장폐지 기준에 해당한다고 결정","2012/07/16","2012/07/24","기타금융","5000","16000000",,
"487","098400","엔스퍼트","KOSDAQ","주권","보통주","2008/01/30","2012/07/24","기업의계속성, 경영의 투명성 또는 기타 코스닥시장의 건전성 등을 종합적으로 고려하여 상장폐지 기준에 해당한다고 결정","2012/07/13","2012/07/23","통신장비","100","13113705",,
"488","000470","그린손해보험","KOSPI","주권","보통주","1975/06/30","2012/07/16","자본전액잠식","2012/07/05","2012/07/13","보험","5000","26588686",,
"489","021060","한림창투","KOSDAQ","주권","보통주","2000/06/15","2012/06/27","기업의계속성, 경영의 투명성 또는 기타 코스닥시장의 건전성 등을 종합적으로 고려하여 상장폐지 기준에 해당한다고 결정","2012/06/18","2012/06/26","금융","500","10025553",,
"490","004550","대우송도개발","KOSPI","주권","보통주","1978/07/31","2012/06/22","기업의 계속성, 경영의 투명성 및 기타 공익과 투자자 보호 등을 종합적으로 고려하여 상장폐지 기준에 해당한다고 결정","2012/06/13","2012/06/21","유통업","5000","46135450",,
"491","004555","대우송도개발1우","KOSPI","주권","구형우선주","1987/11/13","2012/06/22","기업의 계속성, 경영의 투명성 및 기타 공익과 투자자 보호 등을 종합적으로 고려하여 상장폐지 기준에 해당한다고 결정","2012/06/13","2012/06/21","유통업","5000","143386",,
"492","012400","허메스홀딩스","KOSPI","주권","보통주","1988/06/15","2012/06/12","감사의견 의견거절","2012/05/31","2012/06/11","전기전자","500","5740349",,
"493","012405","허메스홀딩스우","KOSPI","주권","구형우선주","1989/11/07","2012/06/12","감사의견 의견거절","2012/05/31","2012/06/11","전기전자","500","800",,
"494","008540","케이비물산","KOSPI","주권","보통주","1990/01/16","2012/06/08","감사의견 의견거절","2012/05/29","2012/06/07","유통업","500","16974857",,
"495","067130","클루넷","KOSDAQ","주권","보통주","2002/06/17","2012/06/08","기업의 계속성, 경영의 투명성 또는 기타 코스닥시장의 건전성 등을 종합적으로 고려하여 상장폐지 기준에 해당한다고 결정","2012/05/29","2012/06/07","컴퓨터서비스","500","5040873",,
"496","037240","평안물산","KOSDAQ","주권","보통주","1999/12/14","2012/06/01","감사의견거절(감사범위제한)","2012/05/22","2012/05/31","IT부품","500","1714200",,
"497","065310","JH코오스","KOSDAQ","주권","보통주","2002/07/19","2012/05/31","기업의 계속성 및 경영의 투명성 등을 종합적으로 고려하여 상장폐지 기준에 해당한다고 결정","2012/05/21","2012/05/30","섬유·의류","500","38377223",,
"498","108890","거북선4호","KOSPI","선박투자회사","보통주","2009/03/06","2012/05/24","신청에 의한 상장폐지",,,"서비스업","5000","3042710",,
"499","001310","풍림산업","KOSPI","주권","보통주","1978/11/30","2012/05/18","최종부도발생","2012/05/09","2012/05/17","건설업","5000","21520000",,
"500","053040","블루젬디앤씨","KOSDAQ","주권","보통주","2001/08/09","2012/05/17","감사의견거절(감사범위 제한 및 계속기업존속 불확실성)","2012/05/08","2012/05/16","화학","500","12289414",,
"501","050470","CT&T","KOSDAQ","주권","보통주","2002/04/23","2012/05/01","감사 의견거절(감사범위 제한)","2012/04/20","2012/04/30","운송장비·부품","500","27403947",,
"502","066690","보광티에스","KOSDAQ","주권","보통주","2008/10/06","2012/05/01","감사의견 거절(감사범위 제한 및 계속기업존속불확실성)","2012/04/20","2012/04/30","금속","500","37833749",,
"503","015200","비앤비성원","KOSDAQ","주권","보통주","1997/01/17","2012/05/01","감사의견거절(감사범위제한)","2012/04/20","2012/04/30","금속","500","153649804",,
"504","040740","아인스M&M","KOSDAQ","주권","보통주","2004/01/28","2012/05/01","감사의견거절(감사범위 제한 및 계속기업존속 불확실성)","2012/04/20","2012/04/30","유통","100","29217403",,
"505","065610","폴리플러스","KOSDAQ","주권","보통주","2002/12/06","2012/05/01","감사의견거절(감사범위제한)","2012/04/20","2012/04/30","화학","500","39540291",,
"506","045470","에이프로테크놀로지","KOSDAQ","주권","보통주","2000/07/27","2012/04/24","사업보고서 법정제출기한 익일부터 10일 이내 미제출 등","2012/04/13","2012/04/23","의료·정밀기기","500","5162723",,
"507","068630","에피밸리","KOSDAQ","주권","보통주","2005/10/27","2012/04/24","사업보고서 법정제출기한 익일부터 10일 이내 미제출","2012/04/13","2012/04/23","IT부품","500","4264236",,
"508","098150","한국아태특별","KOSPI","투자회사","보통주","2007/09/05","2012/04/23","해산 사유 발생",,,"기타금융","무액면","7328373",,
"509","002670","미주제강","KOSDAQ","주권","보통주","1995/01/04","2012/04/17","발행한 어음 또는 수표가 주거래은행에 의하여 최종부도로 결정되거나 거래은행에 의한 거래 정지","2012/04/05","2012/04/16","금속","500","44179882",,
"510","101790","케이알제2호","KOSPI","부동산투자회사","보통주","2008/05/08","2012/04/17","자본잠식(자본금의 50/100이상 잠식) 2년 계속","2012/04/05","2012/04/16","서비스업","5000","5000000",,
"511","052350","코아에스앤아이","KOSDAQ","주권","보통주","2001/07/20","2012/04/17","감사의견거절(감사범위 제한)","2012/04/05","2012/04/16","컴퓨터서비스","500","6952005",,
"512","042340","대국","KOSDAQ","주권","보통주","2000/06/22","2012/04/13","최근3사업연도중2사업연도자기자본 50%초과법인세비용차감전손실발생","2012/04/03","2012/04/12","유통","500","13681787",,
"513","056710","미리넷","KOSDAQ","주권","보통주","2002/01/10","2012/04/13","자본전액잠식","2012/04/03","2012/04/12","통신장비","500","55592019",,
"514","094700","미성포리테크","KOSDAQ","주권","보통주","2007/12/20","2012/04/13","자본전액잠식","2012/04/03","2012/04/12","IT부품","500","12544054",,
"515","056010","아이스테이션","KOSDAQ","주권","보통주","2002/08/13","2012/04/13","자본전액잠식 등","2012/04/03","2012/04/12","정보기기","500","23507337",,
"516","015390","엘앤씨피","KOSDAQ","주권","보통주","2001/08/09","2012/04/13","감사의견거절(감사범위제한)","2012/04/03","2012/04/12","화학","100","34810061",,
"517","089480","평산","KOSDAQ","주권","보통주","2006/08/22","2012/04/13","감사의견거절(감사범위제한)","2012/04/03","2012/04/12","금속","500","21419242",,
"518","037320","시노펙스그린테크","KOSDAQ","주권","보통주","2002/09/17","2012/03/19","피흡수합병",,,"유통","500","75710749",,
"519","114130","거북선5호","KOSPI","선박투자회사","보통주","2009/10/01","2012/03/02","신청에 의한 상장폐지",,,"서비스업","5000","1610000",,
"520","114140","거북선6호","KOSPI","선박투자회사","보통주","2009/10/01","2012/03/02","신청에 의한 상장폐지",,,"서비스업","5000","1190000",,
"521","134000","거북선7호","KOSPI","선박투자회사","보통주","2010/11/10","2012/03/02","신청에 의한 상장폐지",,,"서비스업","5000","2000006",,
"522","088960","씨티엘테크","KOSDAQ","주권","보통주","2006/06/30","2012/02/08","기업의 계속성 및 경영의 투명성 등을 종합적으로 고려하여 상장폐지 기준에 해당한다고 결정","2012/01/30","2012/02/07","IT부품","500","21239310",,
"523","037380","에이원마이크로","KOSDAQ","주권","보통주","2000/01/27","2012/02/01","기업의 계속성 및 경영의 투명성 등을 종합적으로 고려하여 상장폐지 기준에 해당한다고 결정","2012/01/19","2012/01/31","일반전기전자","500","22142787",,
"524","046720","엔하이테크","KOSDAQ","주권","보통주","2002/10/10","2012/02/01","기업의 계속성 및 경영의 투명성 등을 종합적으로 고려하여 상장폐지 기준에 해당한다고 결정","2012/01/19","2012/01/31","IT부품","500","15936242",,
"525","093820","한국유전15-1","KOSPI","투자회사","보통주","2007/01/02","2012/02/01","해산 사유 발생",,,"기타금융","무액면","40820000",,
"526","061050","지앤디윈텍","KOSDAQ","주권","보통주","2003/01/06","2012/01/20","기업의 계속성 및 경영의 투명성 등을 종합적으로 고려하여 상장폐지 기준에 해당한다고 결정","2012/01/11","2012/01/19","일반전기전자","500","13386115",,
"527","032930","에이스앤파트너스","KOSDAQ","주권","보통주","1997/07/14","2012/01/18","피흡수합병",,,"통신장비","500","16893659",,
"528","022520","코오롱아이넷","KOSPI","주권","보통주","2011/07/19","2012/01/11","해산 사유 발생",,,"유통업","500","81481540",,
"529","025340","그린기술투자","KOSDAQ","주권","보통주","2000/05/04","2011/12/28","기업의 계속성 및 경영의 투명성 등을 종합적으로 고려하여 상장폐지 기준에 해당한다고 결정","2011/12/19","2011/12/27","금융","500","19784978",,
"530","061140","엘앤피아너스","KOSDAQ","주권","보통주","2004/10/29","2011/12/28","기업의 계속성, 경영의 투명성 또는 기타 코스닥시장의 건전성 등을 종합적으로 고려하여 상장폐지가 필요하다고 결정","2011/12/19","2011/12/27","통신장비","500","53203854",,
"531","025970","알덱스","KOSDAQ","주권","보통주","1995/09/07","2011/12/20","피흡수합병",,,"금속","500","122666326",,
"532","054120","더체인지","KOSDAQ","주권","보통주","2002/06/18","2011/12/15","피흡수합병",,,"오락·문화","500","114780987",,
"533","090090","디앤샵","KOSDAQ","주권","보통주","2006/06/12","2011/12/15","피흡수합병",,,"인터넷","500","10849178",,
"534","026220","에스티씨라이프","KOSDAQ","주권","보통주","1995/10/06","2011/11/29","기업의 계속성 및 경영의 투명성 등을 종합적으로 고려하여 상장폐지 기준에 해당한다고 결정","2011/11/18","2011/11/28","유통","500","50503201",,
"535","037540","네스테크","KOSDAQ","주권","보통주","1999/12/21","2011/11/26","기업의 계속성, 경영의 투명성 또는 기타 코스닥시장의 건전성 등을 종합적으로 고려하여 상장폐지 기준에 해당한다고 결정","2011/11/17","2011/11/25","의료·정밀기기","500","63702412",,
"536","900020","코웰이홀딩스","KOSDAQ","외국주권","보통주","2008/01/29","2011/11/26","상장폐지신청('11.10.27)","2011/11/17","2011/11/25","기타서비스","0.1","30000000",,
"537","094520","맵스베트남1","KOSPI","투자회사","보통주","2007/02/01","2011/11/24","신청에 의한 상장폐지",,,"기타금융","무액면","24360821",,
"538","052810","아시아미디어홀딩스","KOSDAQ","주권","보통주","2001/12/13","2011/11/22","기업의 계속성, 경영의 투명성 또는 기타 코스닥시장의 건전성 등을 종합적으로 고려하여 상장폐지 기준에 해당한다고 결정","2011/11/11","2011/11/21","소프트웨어","500","32287232",,
"539","950030","네프로아이티","KOSDAQ","주식예탁증권","보통주","2009/04/24","2011/11/05","기업의 계속성 및 경영의 투명성 등을 종합적으로 고려하여 상장폐지 기준에 해당한다고 결정","2011/10/27","2011/11/04",,"무액면","6600000",,
"540","039130","하나투어","KOSDAQ","주권","보통주","2000/11/28","2011/11/01","유가증권시장 상장",,,"서비스업","500","11616185","039130","하나투어"
"541","037550","클라스타","KOSDAQ","주권","보통주","2002/01/17","2011/10/26","자본잠식률 50% 이상으로 관리종목 지정 후, 최근 반기의 재무제표에 대한 감사인의 감사의견 거절","2011/10/17","2011/10/25","정보기기","500","1645185",,
"542","040180","대양글로벌","KOSDAQ","주권","보통주","2000/07/20","2011/10/25","감사의견거절(감사범위 제한)","2011/10/17","2011/10/24","컴퓨터서비스","500","29348084",,
"543","024100","제일저축은행","KOSPI","주권","보통주","1997/02/12","2011/10/14","자본전액잠식","2011/10/05","2011/10/13","기타금융","5000","12860000",,
"544","026540","제일창투","KOSDAQ","주권","보통주","2000/06/20","2011/10/14","감사의견거절(감사범위제한)","2011/10/06","2011/10/13","금융","500","68000000",,
"545","037700","토자이홀딩스","KOSDAQ","주권","보통주","1999/12/24","2011/10/12","기업의 계속성 및 경영의 투명성 등을 종합적으로 고려하여 상장폐지 기준에 해당한다고 결정","2011/09/30","2011/10/11","유통","500","49347660",,
"546","054010","선팩테크","KOSDAQ","주권","보통주","2001/10/23","2011/10/06","감사의견거절(감사범위 제한 및 계속기업으로서의 존속능력에 대한 불확실성)","2011/09/26","2011/10/05","IT부품","500","28612751",,
"547","042870","에코페트로시스템","KOSDAQ","주권","보통주","2000/06/27","2011/10/06","감사의견거절(감사범위 제한 및 계속기업으로서의 존속능력에 대한 불확실성)","2011/09/26","2011/10/05","유통","500","8533338",,
"548","103150","하이트맥주","KOSPI","주권","보통주","2008/07/30","2011/09/26","해산 사유 발생",,,"음식료품","5000","9563918",,
"549","103155","하이트맥주우","KOSPI","주권","구형우선주","2008/07/30","2011/09/26","해산 사유 발생",,,"음식료품","5000","372935",,
"550","081090","씨모텍","KOSDAQ","주권","보통주","2007/11/14","2011/09/23","감사의견거절(감사범위 제한 및 계속기업으로서의 존속능력에 대한 불확실성) 등","2011/09/14","2011/09/22","통신장비","500","26500184",,
"551","052880","큐앤에스","KOSDAQ","주권","보통주","2001/07/24","2011/09/23","상장폐지사유 발생","2011/09/14","2011/09/22","기타서비스","500","49313688",,
"552","036840","히스토스템","KOSDAQ","주권","보통주","1999/12/24","2011/09/15","기업의 계속성, 경영의 투명성 또는 기타 코스닥시장의 건전성등을 종합적으로 고려하여 상장폐지가  필요하다고 인정","2011/09/02","2011/09/14","기타서비스","500","29675245",,
"553","023020","동양매직","KOSDAQ","주권","보통주","2000/07/20","2011/09/14","피흡수합병",,,"일반전기전자","5000","8400000",,
"554","047600","세계투어","KOSDAQ","주권","보통주","2001/01/11","2011/09/09","자본잠식률 50% 이상으로 관리종목 지정 후 반기보고서 법정제출기한 익일부터 10일이내 반기검토(감사)보고서 미제출","2011/08/31","2011/09/08","기타서비스","500","1730357",,
"555","066340","케이에스알","KOSDAQ","주권","보통주","2003/02/07","2011/09/09","자본잠식률 50% 이상으로 관리종목 지정 후 반기보고서 법정제출기한 익일부터 10일 이내 반기 검토(감사)보고서 미제출","2011/08/31","2011/09/08","통신장비","500","72493060",,
"556","078520","에이블씨엔씨","KOSDAQ","주권","보통주","2005/02/04","2011/09/07","유가증권시장 상장",,,"화학","500","9421492","078520","에이블씨엔씨"
"557","036550","에이스디지텍","KOSDAQ","주권","보통주","2003/01/07","2011/08/22","피흡수합병",,,"IT부품","500","23206211",,
"558","050640","이룸지엔지","KOSDAQ","주권","보통주","2005/08/05","2011/08/20","기업의 계속성, 경영의 투명성 또는 기타 코스닥시장의 건전성 등을 종합적으로 고려하여 상장폐지가 필요하다고 인정","2011/08/10","2011/08/19","운송장비·부품","500","45579387",,
"559","022520","코오롱아이넷","KOSDAQ","주권","보통주","2001/09/13","2011/07/19","유가증권시장 상장",,,"유통업","500","81481540",,
"560","016510","현대DSF","KOSPI","주권","보통주","1994/12/27","2011/07/18","해산 사유 발생",,,"유통업","5000","9000000",,
"561","034600","글로웍스","KOSDAQ","주권","보통주","1999/12/07","2011/06/29","자본잠식률 50%이상으로 관리종목 지정 후 반기 재무제표에 대한 감사의견 거절","2011/06/20","2011/06/28","기타서비스","500","17360288",,
"562","105380","다산리츠","KOSPI","부동산투자회사","보통주","2010/09/09","2011/06/24","감사의견 의견거절","2011/06/15","2011/06/23","서비스업","1000","22000000",,
"563","052510","에코솔루션","KOSDAQ","주권","보통주","2001/12/18","2011/06/16","감사의견거절(감사범위 제한 및 계속기업으로서의 존속능력에 대한 불확실성)","2011/06/07","2011/06/15","기타서비스","500","62283910",,
"564","039350","헤파호프","KOSDAQ","주권","보통주","2000/12/07","2011/06/16","기업의 계속성 및 경영의 투명성 등을 종합적으로 고려하여 상장폐지 기준에 해당한다고 결정","2011/06/07","2011/06/15","제약","500","34120221",,
"565","031950","에듀패스","KOSDAQ","주권","보통주","1996/12/23","2011/06/09","기업의 계속성, 경영의 투명성 또는 기타 코스닥시장의 건전성 등을 종합적으로 고려하여 상장폐지가 필요하다고 인정","2011/05/30","2011/06/08","기타서비스","500","24138093",,
"566","005270","대구은행","KOSPI","주권","보통주","1972/05/12","2011/06/07","지주회사의 완전자회사화(지주회사 신규상장)",,,"은행","5000","132125000",,
"567","071955","코아스웰1우B","KOSPI","주권","신형우선주","2007/04/20","2011/05/26","종목별 상장폐지신청",,,"기타제조업","500","2173913","071950","코아스"
"568","004620","캠브리지코오롱","KOSPI","주권","보통주","1988/05/19","2011/05/17","해산 사유 발생",,,"섬유의복","5000","4867732",,
"569","014590","티엘씨레저","KOSPI","주권","보통주","2000/01/06","2011/05/13","감사의견 의견거절","2011/05/02","2011/05/12","서비스업","500","77079581",,
"570","017170","훈영","KOSPI","주권","보통주","1995/07/08","2011/05/13","감사의견 의견거절","2011/05/02","2011/05/12","서비스업","500","2670326",,
"571","038710","BRN사이언스","KOSDAQ","주권","보통주","2002/02/19","2011/05/07","감사의견거절(계속기업으로서의 존속능력에 대한 불확실성)","2011/04/27","2011/05/06","제약","500","15226169",,
"572","072530","나이스메탈","KOSDAQ","주권","보통주","2003/12/05","2011/05/07","감사의견거절(감사범위 제한 및 계속기업으로서의 존속능력에 대한 불확실성)","2011/04/27","2011/05/06","금속","500","42517906",,
"573","030420","디패션","KOSDAQ","주권","보통주","1997/07/04","2011/05/07","감사의견 부적정","2011/04/27","2011/05/06","디지털컨텐츠","500","4048022",,
"574","033850","지노시스템","KOSDAQ","주권","보통주","1998/05/25","2011/05/07","감사의견거절(감사범위제한)","2011/04/27","2011/05/06","기계·장비","500","8541871",,
"575","033855","지노시스템우","KOSDAQ","주권","신형우선주","2001/09/21","2011/05/07","감사의견거절(감사범위제한)","2011/04/27","2011/05/06","기계·장비","500","1135",,
"576","019430","넥서스투자","KOSDAQ","주권","보통주","1989/12/08","2011/04/29","감사의견거절(감사범위제한)","2011/04/20","2011/04/28","금융","500","80425575",,
"577","054150","뉴젠아이씨티","KOSDAQ","주권","보통주","2001/11/08","2011/04/29","감사의견거절(감사범위제한)","2011/04/20","2011/04/28","유통","500","20913717",,
"578","088810","맥스브로","KOSDAQ","주권","보통주","2006/04/17","2011/04/29","감사의견거절(감사범위 제한 및 계속기업으로서의 존속능력에 대한 불확실성)","2011/04/20","2011/04/28","화학","1000","7849967",,
"579","017160","세븐코스프","KOSDAQ","주권","보통주","1992/09/07","2011/04/29","감사의견거절(감사범위제한 및 계속기업으로서의 존속능력에 대한 불확실성)","2011/04/20","2011/04/28","음식료·담배","500","54021124",,
"580","054170","엔빅스","KOSDAQ","주권","보통주","2001/10/11","2011/04/29","감사의견거절(감사범위 제한)","2011/04/20","2011/04/28","컴퓨터서비스","500","20239997",,
"581","039040","유니텍전자","KOSDAQ","주권","보통주","2000/03/21","2011/04/29","감사의견거절(감사범위 제한 및 계속기업으로서의 존속능력에 대한 불확실성)","2011/04/20","2011/04/28","유통","500","8034237",,
"582","043630","지앤알","KOSDAQ","주권","보통주","2000/07/04","2011/04/29","감사의견거절(감사범위 제한 및 계속기업으로서의 존속능력에 대한 불확실성)","2011/04/20","2011/04/28","IT부품","500","60333797",,
"583","016160","오라바이오틱스","KOSPI","주권","보통주","1989/06/26","2011/04/26","공시서류 미제출(사업보고서) 후 10일이내 미제출","2011/04/15","2011/04/25","전기전자","100","3894845",,
"584","016167","오라바이오틱스2우B","KOSPI","주권","신형우선주","2008/10/14","2011/04/26","공시서류 미제출(사업보고서) 후 10일이내 미제출","2011/04/15","2011/04/25","전기전자","100","27376",,
"585","032290","알티전자","KOSDAQ","주권","보통주","1997/03/15","2011/04/23","사업보고서 법정제출기한 익일부터 10일 이내 미제출","2011/04/14","2011/04/22","IT부품","500","23538934",,
"586","049690","포휴먼","KOSDAQ","주권","보통주","2002/01/08","2011/04/23","사업보고서 법정제출기한 익일부터 10일이내 미제출","2011/04/14","2011/04/22","기타서비스","500","17122728",,
"587","037020","한와이어리스","KOSDAQ","주권","보통주","1999/11/16","2011/04/23","사업보고서 법정제출기한 익일부터 10일이내 미제출","2011/04/14","2011/04/22","인터넷","500","16614628",,
"588","060750","제이콤","KOSDAQ","주권","보통주","2002/04/11","2011/04/16","최종부도 발생","2011/04/07","2011/04/15","통신장비","500","42818215",,
"589","005350","봉신","KOSPI","주권","보통주","1988/08/12","2011/04/15","자본전액잠식","2011/04/06","2011/04/14","운수창고업","500","1971889",,
"590","013240","셀런","KOSPI","주권","보통주","1996/07/31","2011/04/15","자본전액잠식","2011/04/06","2011/04/14","전기전자","500","61436176",,
"591","031990","대선조선","KOSDAQ","주권","보통주","1997/01/07","2011/04/13","자본전액잠식 등","2011/04/04","2011/04/12","운송장비·부품","5000","506000",,
"592","043680","스톰이앤에프","KOSDAQ","주권","보통주","2000/07/27","2011/04/13","자본전액잠식 등","2011/04/04","2011/04/12","오락·문화","500","15750730",,
"593","048640","엠엔에프씨","KOSDAQ","주권","보통주","2001/01/09","2011/04/13","자본전액잠식 등","2011/04/04","2011/04/12","화학","500","3608171",,
"594","030030","중앙디자인","KOSDAQ","주권","보통주","2001/12/04","2011/04/13","자본전액잠식","2011/04/04","2011/04/12","기타서비스","500","61825853",,
"595","019120","경윤하이드로","KOSDAQ","주권","보통주","1992/12/18","2011/04/06","기업의 계속성 및 경영의 투명성 등을 종합적으로 고려하여 상장폐지 기준에 해당한다고 결정","2011/03/28","2011/04/05","기계·장비","500","88519887",,
"596","005280","부산은행","KOSPI","주권","보통주","1972/06/15","2011/03/30","지주회사의 완전자회사화(지주회사 신규상장)",,,"은행","5000","186683650",,
"597","037150","CJ인터넷","KOSDAQ","주권","보통주","1999/12/24","2011/03/22","씨제이이앤엠(주)에 피흡수합병",,,"인터넷","500","22801263",,
"598","056200","엠넷미디어","KOSDAQ","주권","보통주","2002/01/29","2011/03/22","씨제이이앤엠(주)에 피흡수합병",,,"방송서비스","500","65170746",,
"599","045710","온미디어","KOSPI","주권","보통주","2006/07/03","2011/03/22","해산 사유 발생",,,"서비스업","500","118097990",,
"600","032380","핸디소프트","KOSDAQ","주권","보통주","1999/11/23","2011/03/03","기업의 계속성 및 경영의 투명성 등을 종합적으로 고려하여 상장폐지 기준에 해당한다고 결정","2011/02/21","2011/03/02","소프트웨어","500","52093484",,
"601","009720","전기초자","KOSPI","주권","보통주","1995/12/21","2011/02/16","신청에 의한 상장폐지","2011/02/07","2011/02/15","비금속광물","5000","8073375",,
"602","046240","에스브이에이치","KOSDAQ","주권","보통주","2000/11/07","2011/02/12","기업의 계속성 및 경영의 투명성 등을 종합적으로 고려하여 상장폐지 기준에 해당한다고 결정","2011/01/31","2011/02/11","인터넷","500","44919523",,
"603","084450","세실","KOSDAQ","주권","보통주","2007/11/20","2011/02/10","감사의견거절(범위제한 및 계속기업 존속 불확실성)","2011/01/27","2011/02/09","제약","500","12299995",,
"604","004149","동방전환상환3우B","KOSPI","주권","신형우선주","2007/09/13","2011/01/21","종목별 상장폐지신청",,,"운수창고업","1000","1436780","004140","동방"
"605","051820","아이피에스","KOSDAQ","주권","보통주","2005/11/11","2011/01/14","피흡수합병",,,"반도체","500","16594003",,
"606","088020","네이쳐글로벌","KOSDAQ","주권","보통주","2006/12/19","2011/01/08","기업의 계속성, 경영의 투명성 또는 기타 코스닥시장의 건전성 등을 종합적으로 고려하여 상장폐지 기준에 해당한다고 결정","2010/12/29","2011/01/07","반도체","500","64777386",,
"607","094950","지비베트남1","KOSPI","투자회사","보통주","2007/05/08","2011/01/05","해산 사유 발생",,,"기타금융","무액면","8532512",,
"608","082110","동북아8호","KOSPI","선박투자회사","보통주","2005/02/22","2011/01/04","종목별 상장폐지신청",,,"서비스업","5000","2381200",,
"609","086720","코크렙7호","KOSPI","부동산투자회사","보통주","2005/11/11","2010/12/29","존속기간 만료",,,"서비스업","5000","12000000",,
"610","088010","동북아21호","KOSPI","선박투자회사","보통주","2006/01/27","2010/12/28","존속기간 만료",,,"서비스업","5000","129996",,
"611","052210","엠씨티티코어","KOSDAQ","주권","보통주","2002/12/23","2010/12/04","기업의 계속성, 경영의 투명성 또는 기타 코스닥시장의 건전성 등을 종합적으로 고려하여 상장폐지 기준에 해당한다고 결정","2010/11/25","2010/12/03","통신장비","500","27080420",,
"612","101380","거북선2호","KOSPI","선박투자회사","보통주","2008/04/25","2010/12/03","신청에 의한 상장폐지",,,"서비스업","5000","2757190",,
"613","102000","거북선3호","KOSPI","선박투자회사","보통주","2008/04/25","2010/12/03","신청에 의한 상장폐지",,,"서비스업","5000","1218640",,
"614","047450","이앤텍","KOSDAQ","주권","보통주","2000/11/23","2010/11/30","기업의 계속성, 경영의 투명성 또는 기타 코스닥시장의 건전성 등을 종합적으로 고려하여 상장폐지 기준에 해당한다고 결정","2010/11/19","2010/11/29","IT부품","500","81581416",,
"615","078420","동북아1호","KOSPI","선박투자회사","보통주","2004/09/17","2010/11/29","신청에 의한 상장폐지",,,"서비스업","5000","3222000",,
"616","048140","태광이엔시","KOSDAQ","주권","보통주","2001/04/26","2010/11/25","기업의 계속성, 경영의 투명성 또는 기타 코스닥시장의 건전성 등을 종합적으로 고려하여 상장폐지 기준에 해당한다고 결정","2010/11/16","2010/11/24","일반전기전자","500","39417220",,
"617","044640","동부CNI","KOSDAQ","주권","보통주","2001/01/11","2010/11/22","피흡수합병",,,"컴퓨터서비스","500","24921042",,
"618","048510","테스텍","KOSDAQ","주권","보통주","2001/06/14","2010/11/10","최근 사업연도말 기준으로 자본잠식률 100분의 50 이상 및 자기자본 10억원 미만의 사유로 관리종목으로 지정된 후 최근 반기말 외부감사인의 감사보고서상 계속기업 존속능력에 대한 불확실성으로 인한 의견거절 발생","2010/11/01","2010/11/09","반도체","500","14501677",,
"619","070080","하이드로젠파워","KOSDAQ","주권","보통주","2002/12/13","2010/11/06","최종부도","2010/10/28","2010/11/05","운송장비·부품","500","53599355",,
"620","030790","동양시스템즈","KOSDAQ","주권","보통주","2000/12/26","2010/11/02","유가증권시장 상장",,,"서비스업","500","27200000","030790","비케이탑스"
"621","080410","동북아6호","KOSPI","선박투자회사","보통주","2004/11/30","2010/10/25","신청에 의한 상장폐지",,,"서비스업","5000","1368164",,
"622","052970","올리브나인","KOSDAQ","주권","보통주","2002/07/16","2010/10/20","기업의 계속성, 경영의 투명성 또는 기타 코스닥시장의 건전성 등을 종합적으로 고려하여 상장폐지 기준에 해당한다고 결정","2010/10/11","2010/10/19","오락·문화","500","9322900",,
"623","013650","데코","KOSDAQ","주권","보통주","1996/01/20","2010/10/19","피흡수합병",,,"섬유·의류","500","36064572",,
"624","084160","골든경매일호","KOSPI","투자회사","보통주","2005/07/27","2010/10/15","해산 사유 발생",,,"기타금융","무액면","4100378",,
"625","058900","투미비티","KOSDAQ","주권","보통주","2004/10/29","2010/10/12","기업의 계속성, 경영의 투명성 또는 기타 코스닥시장의 건전성 등을 종합적으로 고려하여 상장폐지 기준에 해당한다고 결정","2010/10/01","2010/10/11","소프트웨어","500","3500938",,
"626","055250","다휘","KOSDAQ","주권","보통주","2001/12/06","2010/10/01","기업의 계속성, 경영의 투명성 또는 기타 코스닥시장의 건전성 등을 종합적으로 고려하여 상장폐지 기준에 해당한다고 결정","2010/09/17","2010/09/30","기계·장비","100","169657735",,
"627","035400","브이에스에스티","KOSDAQ","주권","보통주","1999/08/27","2010/10/01","기업의 계속성 및 경영의 투명성 등을 종합적으로 고려하여 상장폐지가 필요하다고 인정","2010/09/17","2010/09/30","정보기기","500","37492032",,
"628","035405","브이에스에스티우","KOSDAQ","주권","신형우선주","2003/09/23","2010/10/01","기업의 계속성 및 경영의 투명성 등을 종합적으로 고려하여 상장폐지가 필요하다고 인정","2010/09/17","2010/09/30","정보기기","500","26000",,
"629","033030","지오엠씨","KOSDAQ","주권","보통주","1997/08/18","2010/09/25","기업의 계속성, 경영의 투명성 또는 기타 코스닥시장의 건전성 등을 종합적으로 고려하여 상장폐지 기준에 해당한다고 결정","2010/09/13","2010/09/24","일반전기전자","500","68111736",,
"630","041450","인네트","KOSDAQ","주권","보통주","2000/07/20","2010/09/14","최종부도 발생","2010/09/03","2010/09/13","컴퓨터서비스","1000","6593182",,
"631","089240","네오세미테크","KOSDAQ","주권","보통주","2006/12/22","2010/09/03","감사의견거절(감사범위 제한)","2010/08/25","2010/09/02","정보기기","500","48031839",,
"632","058690","퓨쳐인포넷","KOSDAQ","주권","보통주","2003/12/29","2010/08/26","기업의 계속성 및 경영의 투명성 등을 종합적으로 고려하여 상장폐지가 필요하다고 인정","2010/08/17","2010/08/25","컴퓨터서비스","500","10764193",,
"633","041550","쎄라텍","KOSDAQ","주권","보통주","2000/07/11","2010/08/25","기업의 계속성, 경영의 투명성 또는 기타 코스닥시장의 건전성 등을 종합적으로 고려하여 상장폐지 기준에 해당한다고 결정","2010/08/16","2010/08/24","IT부품","500","47961081",,
"634","012580","톰보이","KOSPI","주권","보통주","1988/09/01","2010/07/30","최종부도발생","2010/07/21","2010/07/29","섬유의복","500","69623750",,
"635","018890","모라리소스","KOSDAQ","주권","보통주","1992/12/18","2010/07/22","기업의 계속성, 경영의 투명성 또는 기타 코스닥시장의  건전성 등을 종합적으로 고려하여 상장폐지 기준에 해당한다고 결정","2010/07/13","2010/07/21","화학","500","5131481",,
"636","011050","케드콤","KOSPI","주권","보통주","1988/09/01","2010/07/22","감사의견 의견거절","2010/07/13","2010/07/21","전기전자","500","7304292",,
"637","047710","액티투오","KOSDAQ","주권","보통주","2001/07/20","2010/07/21","기업의 계속성, 경영의 투명성 또는 기타 코스닥시장의 건전성 등을 종합적으로 고려하여 상장폐지 기준에 해당한다고 결정","2010/07/12","2010/07/20","통신장비","500","26483756",,
"638","033920","무학","KOSDAQ","주권","보통주","1998/07/27","2010/07/20","유가증권시장 상장",,,"음식료품","200","26212561","033920","무학"
"639","035830","메카포럼","KOSDAQ","주권","보통주","1999/12/03","2010/07/16","기업의 계속성, 경영의 투명성 또는 기타 코스닥시장의 건전성 등을 종합적으로 고려하여 상장폐지 기준에 해당한다고 결정","2010/07/07","2010/07/15","오락·문화","500","50947079",,
"640","114410","현대푸드","KOSPI","주권","보통주","2009/12/17","2010/07/16","해산 사유 발생",,,"서비스업","500","17144000",,
"641","027840","고덴시","KOSPI","주권","보통주","1997/11/25","2010/07/14","해산 사유 발생",,,"전기전자","500","23065935",,
"642","036850","나리지*온","KOSDAQ","주권","보통주","1999/11/25","2010/07/14","피흡수합병",,,"반도체","500","16804203",,
"643","084240","동북아15호","KOSPI","선박투자회사","보통주","2005/08/12","2010/07/13","신청에 의한 상장폐지",,,"서비스업","5000","1909057",,
"644","004147","동방전환상환2우B","KOSPI","주권","신형우선주","2007/07/13","2010/06/29","종목별 상장폐지신청",,,"운수창고업","1000","834720","004140","동방"
"645","066300","샤인시스템","KOSDAQ","주권","보통주","2002/09/25","2010/06/29","기업의 계속성, 경영의 투명성 또는 기타 코스닥시장의 건전성 등을 종합적으로 고려하여 상장폐지 기준에 해당한다고 결정","2010/06/18","2010/06/28","화학","500","24532217",,
"646","066930","에스디","KOSDAQ","주권","보통주","2003/01/24","2010/06/29","상장폐지신청('10.06.01)","2010/06/18","2010/06/28","제약","500","8000000",,
"647","068770","선우중공업","KOSDAQ","주권","보통주","2005/05/20","2010/06/17","기업의 계속성, 경영의 투명성 또는 기타 코스닥시장의 건전성 등을 종합적으로 고려하여 상장폐지 기준에 해당한다고 결정","2010/06/08","2010/06/16","기계·장비","500","2369473",,
"648","023670","알이엔","KOSDAQ","주권","보통주","2001/01/11","2010/06/17","기업의 계속성, 경영의 투명성 또는 기타 코스닥시장의 건전성 등을 종합적으로 고려하여 상장폐지 기준에 해당한다고 결정","2010/06/08","2010/06/16","일반전기전자","500","24006119",,
"649","071057","한국금융지주2우B","KOSPI","주권","신형우선주","2003/07/21","2010/06/04","존속기간 만료",,,"기타금융","5000","2849787","071050","한국금융지주"
"650","011400","케이씨오에너지","KOSPI","주권","보통주","1991/02/12","2010/05/20","최종부도발생","2010/05/11","2010/05/19","운수장비","500","150979654",,
"651","067850","바이나믹","KOSDAQ","주권","보통주","2005/10/05","2010/05/19","당해 코스닥시장상장법인의 계속성 및 경영의 투명성 등을 종합적으로 고려한 결과 상장폐지기준에 해당한다고 결정","2010/05/10","2010/05/18","오락·문화","500","50234581",,
"652","007490","태창기업","KOSPI","주권","보통주","1976/12/28","2010/05/13","감사의견 의견거절","2010/05/03","2010/05/12","섬유의복","500","32896850",,
"653","018410","현대금속","KOSPI","주권","보통주","1989/07/25","2010/05/13","감사의견 의견거절","2010/05/03","2010/05/12","유통업","500","49867601",,
"654","018417","현대금속2우B","KOSPI","주권","신형우선주","2002/02/06","2010/05/13","감사의견 의견거절","2010/05/03","2010/05/12","유통업","500","159342",,
"655","018415","현대금속우","KOSPI","주권","구형우선주","1989/12/02","2010/05/13","감사의견 의견거절","2010/05/03","2010/05/12","유통업","500","1134",,
"656","085990","단성일렉트론","KOSDAQ","주권","보통주","2006/05/23","2010/05/08","감사의견거절(감사범위제한)","2010/04/28","2010/05/07","반도체","500","82139027",,
"657","041320","보홍","KOSDAQ","주권","보통주","2000/08/08","2010/05/08","감사의견거절(감사범위제한)","2010/04/28","2010/05/07","유통","500","13273123",,
"658","030390","쏠라엔텍","KOSDAQ","주권","보통주","1997/02/12","2010/05/08","감사의견거절(감사범위제한 및 계속기업 존속 불확실)","2010/04/28","2010/05/07","유통","500","39517151",,
"659","074140","엑스로드","KOSDAQ","주권","보통주","2006/08/01","2010/05/08","감사범위제한으로 인한 의견거절","2010/04/28","2010/05/07","컴퓨터서비스","500","36602974",,
"660","053470","오페스","KOSDAQ","주권","보통주","2001/07/31","2010/05/08","감사범위제한으로 인한 감사의견 거절","2010/04/28","2010/05/07","통신장비","500","63631801",,
"661","041630","인젠","KOSDAQ","주권","보통주","2002/01/15","2010/05/08","감사범위제한으로 인한 의견거절","2010/04/28","2010/05/07","소프트웨어","500","88389541",,
"662","057100","하이스마텍","KOSDAQ","주권","보통주","2002/11/15","2010/05/08","감사의견거절(감사범위제한)","2010/04/28","2010/05/07","소프트웨어","500","35292775",,
"663","058480","해원에스티","KOSDAQ","주권","보통주","2002/01/15","2010/05/08","감사범위제한으로 인한 감사의견거절","2010/04/28","2010/05/07","금속","500","30395889",,
"664","041030","이루넷","KOSDAQ","주권","보통주","2000/05/30","2010/05/05","감사범위제한으로 인한 감사의견 거절","2010/04/26","2010/05/04","기타서비스","500","26562599",,
"665","065410","지엔텍홀딩스","KOSDAQ","주권","보통주","2002/08/01","2010/05/05","감사의견거절(감사범위제한 및 계속기업 존속 불확실)","2010/04/26","2010/05/04","기계·장비","500","24010371",,
"666","012090","성원건설","KOSPI","주권","보통주","1991/02/22","2010/05/03","감사의견 의견거절","2010/04/22","2010/04/30","건설업","5000","44798281",,
"667","012095","성원건설우","KOSPI","주권","구형우선주","1994/11/22","2010/05/03","감사의견 의견거절","2010/04/22","2010/04/30","건설업","5000","661514",,
"668","024870","유성티에스아이","KOSPI","주권","보통주","1997/08/27","2010/05/03","감사의견 의견거절","2010/04/22","2010/04/30","기계","500","16579469",,
"669","069470","제로원인터랙티브","KOSPI","주권","보통주","2002/11/11","2010/05/03","감사의견 의견거절","2010/04/22","2010/04/30","서비스업","500","13263451",,
"670","035710","CL","KOSDAQ","주권","보통주","1999/11/11","2010/05/01","감사범위제한으로 인한 감사의견거절","2010/04/22","2010/04/30","유통","500","30723831",,
"671","037110","JS","KOSDAQ","주권","보통주","2000/07/11","2010/05/01","감사의견거절(감사범위제한)","2010/04/22","2010/04/30","컴퓨터서비스","500","4217054",,
"672","078670","아구스","KOSDAQ","주권","보통주","2007/07/27","2010/05/01","감사의견거절(감사범위제한 및 계속기업 존속 불확실)","2010/04/22","2010/04/30","통신장비","500","13907346",,
"673","020070","에버리소스","KOSDAQ","주권","보통주","1994/12/29","2010/05/01","감사범위제한 및 계속기업존속능력에 대한 불확실성으로 인한 감사의견거절","2010/04/22","2010/04/30","유통","100","302694620",,
"674","020075","에버리소스우","KOSDAQ","주권","신형우선주","1994/12/29","2010/05/01","감사범위제한 및 계속기업존속능력에 대한 불확실성으로 인한 감사의견거절","2010/04/22","2010/04/30","유통","100","20000",,
"675","031440","신세계푸드","KOSDAQ","주권","보통주","2001/07/31","2010/04/29","유가증권시장 상장",,,"서비스업","5000","3428600","031440","신세계푸드"
"676","002540","고제","KOSPI","주권","보통주","1989/10/12","2010/04/23","감사의견 의견거절","2010/04/14","2010/04/22","화학","500","11411390",,
"677","076090","테이크시스템","KOSDAQ","주권","보통주","2005/07/26","2010/04/23","감사의견거절(감사범위제한)","2010/04/14","2010/04/22","기계·장비","500","13705681",,
"678","045290","포네이처","KOSDAQ","주권","보통주","2004/01/06","2010/04/23","사업보고서 법정제출기한 익일부터 10일이내 미제출","2010/04/14","2010/04/22","유통","500","30630938",,
"679","033190","폴켐","KOSDAQ","주권","보통주","1997/11/10","2010/04/23","사업보고서 법정제출기한 익일부터 10일이내 미제출","2010/04/14","2010/04/22","화학","500","12926510",,
"680","012420","메리츠종금","KOSPI","주권","보통주","1994/09/16","2010/04/21","해산 사유 발생",,,"기타금융","500","122950720",,
"681","053440","성우몰드","KOSDAQ","주권","보통주","2001/08/21","2010/04/21","상장폐지신청('10.3.29)","2010/04/12","2010/04/20","운송장비·부품","5000","830000",,
"682","048130","에스피코프","KOSDAQ","주권","보통주","2001/11/22","2010/04/20","최종부도 발생","2010/04/09","2010/04/19","유통","500","44764445",,
"683","033260","쌈지","KOSDAQ","주권","보통주","2001/02/01","2010/04/17","최종부도 발생","2010/04/08","2010/04/16","섬유·의류","500","55941473",,
"684","038690","에이스일렉","KOSDAQ","주권","보통주","2000/06/29","2010/04/17","감사의견거절(감사범위제한)","2010/04/08","2010/04/16","IT부품","500","13456926",,
"685","001600","서광건설","KOSPI","주권","보통주","1989/11/16","2010/04/15","자본전액잠식","2010/04/06","2010/04/14","건설업","500","6795730",,
"686","065340","쓰리디월드","KOSDAQ","주권","보통주","2002/09/26","2010/04/15","감사의견거절(감사범위제한)","2010/04/06","2010/04/14","정보기기","500","2105962",,
"687","017300","에이치비이에너지","KOSPI","주권","보통주","1995/11/10","2010/04/15","자본전액잠식","2010/04/06","2010/04/14","전기전자","100","173067672",,
"688","034660","제넥셀","KOSDAQ","주권","보통주","1999/05/14","2010/04/15","감사범위제한으로 인한 감사의견 거절","2010/04/06","2010/04/14","의료·정밀기기","500","79981712",,
"689","004820","조인에너지","KOSPI","주권","보통주","1990/06/04","2010/04/15","자본전액잠식","2010/04/06","2010/04/14","유통업","500","20966570",,
"690","108070","삼성이미징","KOSPI","주권","보통주","2009/03/10","2010/04/14","해산 사유 발생",,,"의료정밀","5000","23870000",,
"691","051810","모보","KOSDAQ","주권","보통주","2001/07/18","2010/04/13","최근 3사업연도 연속 자기자본 50%초과 법인세비용차감전 계속사업손실 등","2010/04/02","2010/04/12","일반전기전자","500","11271000",,
"692","079560","모젬","KOSDAQ","주권","보통주","2005/12/27","2010/04/13","최근 3사업연도 연속 자기자본 대비 50% 초과 법인세 비용차감전계속사업손실 발생","2010/04/02","2010/04/12","IT부품","500","15446649",,
"693","064060","사이노젠","KOSDAQ","주권","보통주","2002/07/30","2010/04/13","자본전액잠식","2010/04/02","2010/04/12","기계·장비","500","8194128",,
"694","046350","에듀아크","KOSDAQ","주권","보통주","2000/08/24","2010/04/13","최근 3사업연도 연속 자기자본 대비 50% 초과 법인세 비용차감전계속사업손실 발생","2010/04/02","2010/04/12","IT부품","500","5987544",,
"695","060670","유퍼트","KOSDAQ","주권","보통주","2003/06/17","2010/04/13","자본전액잠식","2010/04/02","2010/04/12","IT부품","500","4028863",,
"696","032030","일공공일안경","KOSDAQ","주권","보통주","1997/01/23","2010/04/13","자본전액잠식","2010/04/02","2010/04/12","유통","500","27772004",,
"697","015170","중앙바이오텍","KOSDAQ","주권","보통주","2000/08/24","2010/04/13","자본전액잠식","2010/04/02","2010/04/12","제약","500","19593169",,
"698","008340","코레스","KOSDAQ","주권","보통주","1992/12/29","2010/04/13","자본전액잠식","2010/04/02","2010/04/12","금속","1000","5360098",,
"699","045880","유티엑스","KOSDAQ","주권","보통주","2002/02/07","2010/04/10","기업의 계속성 및 경영의 투명성 등을 종합적으로 고려하여 상장폐지가 필요하다고 인정","2010/04/01","2010/04/09","통신장비","500","13906207",,
"700","017050","스타맥스","KOSDAQ","주권","보통주","1994/06/28","2010/04/05","기업의 계속성, 경영의 투명성 또는 기타 코스닥시장의 건전성 등을 종합적으로 고려하여 상장폐지가 필요하다고 인정 ","2010/03/25","2010/04/02","유통","500","17063300",,
"701","054020","GK파워","KOSDAQ","주권","보통주","2002/05/07","2010/04/03","최종부도","2010/03/25","2010/04/02","정보기기","500","9511281",,
"702","084810","아이알디","KOSDAQ","주권","보통주","2006/06/27","2010/04/01","당해 코스닥시장상장법인의 계속성 및 경영의 투명성 등을 종합적으로 고려한 결과 상장폐지기준에 해당한다고 결정","2010/03/23","2010/03/31","기계·장비","1000","39327052",,
"703","017010","제너비오믹스","KOSDAQ","주권","보통주","2003/01/28","2010/03/26","- 주된 영업이 정지되어 코스닥시장상장규정 제38조제2항제1호(삭제 ‘09.12.2)의 상장폐지기준 해당 / 기업의 계속성 및 경영의 투명성 등을 종합적으로 고려한 결과 코스닥시장상장규정 제38조제2항제5호라목(신설 ‘09.12.2)의 상장폐지기준 해당 ","2010/03/17","2010/03/25","의료·정밀기기","500","62520463",,
"704","004025","현대제철 1우B","KOSPI","주권","신형우선주","2000/04/12","2010/03/22","존속기간 만료",,,"철강금속","5000","416556","004020","현대제철"
"705","008320","한국기술산업","KOSPI","주권","보통주","1989/09/29","2010/03/11","감사의견 의견거절","2010/03/02","2010/03/10","전기전자","500","104477933",,
"706","015050","비전하이테크","KOSDAQ","주권","보통주","1994/01/06","2010/03/09","기업의 계속성, 경영의 투명성 또는 기타 코스닥시장의 건전성 등을 종합적으로 고려하여 상장폐지가 필요하다고 인정","2010/02/25","2010/03/08","IT부품","500","13061165",,
"707","041800","코디콤","KOSDAQ","주권","보통주","2001/12/13","2010/03/09","기업의 계속성, 경영의 투명성 또는 기타 코스닥시장의 건전성 등을 종합적으로 고려하여 상장폐지가 필요하다고 인정","2010/02/25","2010/03/08","통신장비","500","74574394",,
"708","056850","코어비트","KOSDAQ","주권","보통주","2001/12/20","2010/03/09","기업의 계속성, 경영의 투명성 또는 기타 코스닥시장의 건전성 등을 종합적으로 고려하여 상장폐지가 필요하다고 인정","2010/02/25","2010/03/08","정보기기","500","30080988",,
"709","078700","신지소프트","KOSDAQ","주권","보통주","2004/10/29","2010/02/27","시가총액 40억원 미달","2010/02/18","2010/02/26","소프트웨어","500","4363506",,
"710","031960","동산진흥","KOSDAQ","주권","보통주","1996/12/23","2010/02/20","기업의 계속성, 경영의 투명성 또는 기타 코스닥시장의 건전성 등을 종합적으로 고려하여 상장폐지기준에 해당한다고 결정","2010/02/10","2010/02/19","섬유·의류","500","29748331",,
"711","067950","티이씨","KOSDAQ","주권","보통주","2004/01/26","2010/02/20","당해 코스닥시장상장법인의 계속성 및 경영의 투명성 등을 종합적으로 고려한 결과 상장폐지기준에 해당한다고 결정","2010/02/10","2010/02/19","기계·장비","500","26535970",,
"712","045400","이롬텍","KOSDAQ","주권","보통주","2001/08/17","2010/02/11","정기보고서 미제출로 관리종목 지정후 법정제출기한내 사업보고서 미제출, 2회 연속 정기주주총회 미개최 또는 재무제표 미승인, 자본전액잠식 ","2010/02/02","2010/02/10","IT부품","500","7751337",,
"713","037830","글로포스트","KOSDAQ","주권","보통주","2002/02/05","2010/02/09","기업의 계속성, 경영의 투명성 또는 기타 코스닥시장의 건전성 등을 종합적으로 고려하여 상장폐지가 필요하다고 인정","2010/01/29","2010/02/08","금속","500","39792284",,
"714","080140","디보스","KOSDAQ","주권","보통주","2005/05/27","2010/02/02","자본잠식률 50%이상사유로 관리종목지정후 반기 감사의견 부적정","2010/01/29","2010/02/01","통신장비","500","5039871",,
"715","047940","비엔디","KOSDAQ","주권","보통주","2001/06/21","2010/01/29","당해 코스닥시장상장법인의 계속성 및 경영의 투명성 등을 종합적으로 고려한 결과 상장폐지기준에 해당한다고 결정","2010/01/20","2010/01/28","음식료·담배","500","2910085",,
"716","037510","굿라이프10-MF","KOSDAQ","투자회사","보통주","2000/02/25","2010/01/26","자본시장과금융투자업에관한법률 제202조제1항에 의한 해산사유에 해당하는 경우",,,"금융","무액면","750800",,
"717","083120","동북아9호","KOSPI","선박투자회사","보통주","2005/05/27","2010/01/20","신청에 의한 상장폐지",,,"서비스업","5000","1259690",,
"718","000610","제일화재","KOSPI","주권","보통주","1976/06/05","2010/01/20","해산 사유 발생",,,"보험","5000","26774374",,
"719","015940","LG데이콤","KOSPI","주권","보통주","1993/01/30","2010/01/15","해산 사유 발생",,,"통신업","5000","83287151",,
"720","045820","LG파워콤","KOSPI","주권","보통주","2008/11/27","2010/01/15","해산 사유 발생",,,"통신업","5000","133400000",,